Word_ID,word,len,prob
1_1,There,5.0,0.0
1_2,are,3.0,0.4
1_3,now,3.0,0.0
1_4,rumblings,9.0,0.0
1_5,that,4.0,0.075
1_6,Apple,5.0,0.0
1_7,might,5.0,0.0
1_8,soon,4.0,0.0
1_9,invade,6.0,0.0
1_10,the,3.0,0.475
1_11,smart,5.0,0.0
1_12,watch,5.0,0.05
1_13,"space,",6.0,0.0
1_14,though,6.0,0.0
1_15,the,3.0,0.051282051
1_16,company,7.0,0.2
1_17,is,2.0,0.125
1_18,maintaining,11.0,0.0
1_19,its,3.0,0.102564103
1_20,customary,9.0,0.0
1_21,silence.,8.0,0.175
1_22,The,3.0,0.076923077
1_22,The,3.0,0.025641026
1_23,watch,5.0,0.0
1_24,doesn't,7.0,0.025
1_25,have,4.0,0.275
1_26,a,1.0,0.2
1_27,microphone,10.0,0.0
1_28,or,2.0,0.4
1_29,"speaker,",8.0,0.1
1_30,but,3.0,0.6
1_31,you,3.0,0.0
1_32,can,3.0,0.7
1_33,use,3.0,0.2
1_34,it,2.0,0.4
1_35,to,2.0,0.475
1_36,control,7.0,0.025
1_37,the,3.0,0.2
1_38,music,5.0,0.05
1_39,on,2.0,0.45
1_40,your,4.0,0.775
1_41,phone.,6.0,0.325
1_42,You,3.0,0.0
1_43,can,3.0,0.675
1_44,glance,6.0,0.0
1_45,at,2.0,0.975
1_46,the,3.0,0.575
1_47,watch,5.0,0.5
1_48,face,4.0,0.025
1_49,to,2.0,0.3
1_50,view,4.0,0.0
1_51,the,3.0,0.6
1_52,artist,6.0,0.0
1_53,and,3.0,0.475
1_54,title,5.0,0.15
1_55,of,2.0,0.875
1_56,a,1.0,0.025
1_57,song.,5.0,0.95
2_1,Two,3.0,0.0
2_2,days,4.0,0.023809524
2_3,"later,",6.0,0.095238095
2_4,the,3.0,0.238095238
2_5,British,7.0,0.0
2_6,astronomer,10.0,0.0
2_7,Richard,7.0,0.0
2_8,Carrington,10.0,0.024390244
2_9,was,3.0,0.073170732
2_10,observing,9.0,0.024390244
2_11,the,3.0,0.634146341
2_12,interesting,11.0,0.0
2_13,sunspot,7.0,0.0
2_14,group,5.0,0.0
2_15,through,7.0,0.0
2_16,his,3.0,0.4
2_17,telescope,9.0,0.780487805
2_18,when,4.0,0.307692308
2_19,he,2.0,0.585365854
2_20,saw,3.0,0.268292683
2_21,what,4.0,0.0
2_22,he,2.0,0.487804878
2_23,described,9.0,0.048780488
2_24,as,2.0,0.87804878
2_25,"""two",4.0,0.0
2_26,patches,7.0,0.0
2_27,of,2.0,0.853658537
2_28,intensely,9.0,0.0
2_29,bright,6.0,0.414634146
2_30,and,3.0,0.024390244
2_31,white,5.0,0.024390244
2_32,"light""",6.0,0.268292683
2_33,over,4.0,0.0
2_34,the,3.0,0.829268293
2_35,sunspots.,9.0,0.025641026
2_36,He,2.0,0.390243902
2_36,He,2.0,0.097560976
2_36,He,2.0,0.024390244
2_37,jotted,6.0,0.0
2_38,a,1.0,0.0
2_39,note,4.0,0.341463415
2_40,in,2.0,0.097560976
2_41,his,3.0,0.804878049
2_42,painstaking,11.0,0.0
2_43,record.,7.0,0.024390244
2_44,That,4.0,0.024390244
2_45,night,5.0,0.12195122
2_46,there,5.0,0.024390244
2_47,was,3.0,0.682926829
2_48,scarcely,8.0,0.0
2_49,a,1.0,0.365853659
2_50,square,6.0,0.0
2_51,inch,4.0,0.170731707
2_52,of,2.0,0.756097561
2_53,earth,5.0,0.0
2_54,that,4.0,0.658536585
2_55,was,3.0,0.55
2_56,not,3.0,0.55
2_57,illuminated,11.0,0.025
2_58,by,2.0,0.675
2_59,aurora.,7.0,0.0
3_1,I,1.0,0.0
3_2,agree,5.0,0.0
3_3,that,4.0,0.428571429
3_4,California's,12.0,0.0
3_5,"""three",6.0,0.0
3_6,strikes,7.0,0.095238095
3_7,and,3.0,0.142857143
3_8,you're,6.0,0.56097561
3_9,"out""",4.0,0.976190476
3_10,law,3.0,0.261904762
3_11,will,4.0,0.0
3_12,be,2.0,0.285714286
3_13,a,1.0,0.238095238
3_14,financial,9.0,0.0
3_15,disaster,8.0,0.142857143
3_16,for,3.0,0.357142857
3_17,taxpayers,9.0,0.0
3_18,who,3.0,0.071428571
3_19,care,4.0,0.0
3_20,about,5.0,0.80952381
3_21,education,9.0,0.0
3_22,and,3.0,0.547619048
3_23,other,5.0,0.095238095
3_24,vital,5.0,0.0
3_25,services.,9.0,0.0
3_26,But,3.0,0.023809524
3_27,it's,4.0,0.166666667
3_28,far,3.0,0.0
3_29,from,4.0,0.380952381
3_30,clear,5.0,0.0
3_31,that,4.0,0.166666667
3_32,the,3.0,0.30952381
3_33,law,3.0,0.547619048
3_34,can,3.0,0.0
3_35,even,4.0,0.0
3_36,be,2.0,0.238095238
3_37,credited,8.0,0.0
3_38,with,4.0,0.166666667
3_39,a,1.0,0.095238095
3_40,reduction,9.0,0.0
3_41,in,2.0,0.523809524
3_42,crime,5.0,0.119047619
3_43,in,2.0,0.166666667
3_44,California.,11.0,0.19047619
3_44,California.,11.0,0.023809524
3_45,While,5.0,0.0
3_46,it's,4.0,0.0
3_47,true,4.0,0.071428571
3_48,that,4.0,0.0
3_49,crime,5.0,0.904761905
3_50,declined,8.0,0.071428571
3_51,in,2.0,0.0
3_52,California,10.0,0.30952381
3_53,last,4.0,0.30952381
3_53,last,4.0,0.047619048
3_54,"year,",5.0,0.048780488
3_55,crime,5.0,0.952380952
3_56,also,4.0,0.023809524
3_57,dropped,7.0,0.023809524
3_58,nationwide.,11.0,0.023809524
4_1,Liza,4.0,0.0
4_2,was,3.0,0.214285714
4_3,in,2.0,0.023809524
4_4,a,1.0,0.261904762
4_5,bad,3.0,0.023809524
4_6,"temper,",7.0,0.0
4_7,for,3.0,0.0
4_8,she,3.0,0.238095238
4_9,was,3.0,0.166666667
4_10,mixing,6.0,0.0
4_11,the,3.0,0.142857143
4_12,Christmas,9.0,0.0
4_13,puddings,8.0,0.0
4_14,in,2.0,0.023809524
4_15,the,3.0,0.30952381
4_16,"kitchen,",8.0,0.285714286
4_17,and,3.0,0.380952381
4_18,had,3.0,0.0
4_19,been,4.0,0.023809524
4_20,drawn,5.0,0.0
4_21,from,4.0,0.0
4_22,"them,",5.0,0.0
4_23,with,4.0,0.0
4_24,a,1.0,0.30952381
4_25,raisin,6.0,0.0
4_26,still,5.0,0.023809524
4_27,on,2.0,0.024390244
4_28,her,3.0,0.285714286
4_29,"cheek,",6.0,0.047619048
4_30,by,2.0,0.048780488
4_31,Nana's,6.0,0.023809524
4_32,absurd,6.0,0.023809524
4_33,suspicions.,11.0,0.023809524
4_34,She,3.0,0.19047619
4_34,She,3.0,0.095238095
4_35,thought,7.0,0.023809524
4_36,the,3.0,0.047619048
4_37,best,4.0,0.023809524
4_38,way,3.0,0.333333333
4_39,of,2.0,0.023809524
4_40,getting,7.0,0.119047619
4_41,a,1.0,0.047619048
4_42,little,6.0,0.023809524
4_43,quiet,5.0,0.023809524
4_44,was,3.0,0.357142857
4_45,to,2.0,0.880952381
4_46,take,4.0,0.071428571
4_47,Nana,4.0,0.095238095
4_48,to,2.0,0.571428571
4_49,the,3.0,0.619047619
4_50,nursery,7.0,0.023809524
4_51,for,3.0,0.071428571
4_52,a,1.0,0.476190476
4_53,"moment,",7.0,0.023809524
4_54,but,3.0,0.097560976
4_55,in,2.0,0.023809524
4_56,custody,7.0,0.024390244
4_57,of,2.0,0.785714286
4_58,course.,7.0,0.023809524
5_1,Mrs.,4.0,0.0
5_2,Darling,7.0,0.0
5_3,quivered,8.0,0.0
5_4,and,3.0,0.051282051
5_5,went,4.0,0.0
5_6,to,2.0,0.552631579
5_7,the,3.0,0.842105263
5_8,window.,7.0,0.105263158
5_9,It,2.0,0.026315789
5_10,was,3.0,0.868421053
5_11,securely,8.0,0.0
5_12,fastened.,9.0,0.342105263
5_13,She,3.0,0.5
5_13,She,3.0,0.236842105
5_14,looked,6.0,0.105263158
5_15,"out,",4.0,0.552631579
5_16,and,3.0,0.552631579
5_17,the,3.0,0.026315789
5_18,night,5.0,0.026315789
5_19,was,3.0,0.631578947
5_20,peppered,8.0,0.0
5_21,with,4.0,0.973684211
5_22,stars.,6.0,0.631578947
5_23,They,4.0,0.083333333
5_24,were,4.0,0.315789474
5_25,crowding,8.0,0.0
5_26,round,5.0,0.0
5_27,the,3.0,0.710526316
5_28,"house,",6.0,0.0
5_29,as,2.0,0.052631579
5_30,if,2.0,0.236842105
5_31,curious,7.0,0.0
5_32,to,2.0,0.236842105
5_33,see,3.0,0.447368421
5_34,what,4.0,0.657894737
5_35,was,3.0,0.578947368
5_36,to,2.0,0.0
5_37,take,4.0,0.026315789
5_38,place,5.0,0.552631579
5_39,"there,",6.0,0.0
5_40,but,3.0,0.157894737
5_41,she,3.0,0.052631579
5_42,did,3.0,0.236842105
5_43,not,3.0,0.736842105
5_44,notice,6.0,0.105263158
5_45,"this,",5.0,0.026315789
5_46,nor,3.0,0.0
5_47,that,4.0,0.026315789
5_48,one,3.0,0.0
5_49,or,2.0,0.026315789
5_50,two,3.0,0.342105263
5_51,of,2.0,0.368421053
5_52,the,3.0,0.552631579
5_53,smaller,7.0,0.0
5_54,ones,4.0,0.131578947
5_55,winked,6.0,0.0
5_56,at,2.0,0.947368421
5_57,her.,4.0,0.947368421
6_1,Seeing,6.0,0.0
6_2,Peter,5.0,0.0
6_3,slowly,6.0,0.0
6_4,advancing,9.0,0.0
6_5,upon,4.0,0.0
6_6,him,3.0,0.024390244
6_7,through,7.0,0.0
6_8,the,3.0,0.829268293
6_8,the,3.0,0.024390244
6_9,air,3.0,0.0
6_10,with,4.0,0.024390244
6_11,dagger,6.0,0.0
6_12,"poised,",7.0,0.0
6_13,he,2.0,0.243902439
6_14,sprang,6.0,0.0
6_15,upon,4.0,0.048780488
6_16,the,3.0,0.219512195
6_17,bulwarks,8.0,0.0
6_18,to,2.0,0.076923077
6_19,cast,4.0,0.0
6_20,himself,7.0,0.048780488
6_21,into,4.0,0.292682927
6_22,the,3.0,0.829268293
6_23,sea.,4.0,0.073170732
6_24,He,2.0,0.3
6_24,He,2.0,0.125
6_25,did,3.0,0.048780488
6_26,not,3.0,0.634146341
6_27,know,4.0,0.048780488
6_28,that,4.0,0.317073171
6_29,the,3.0,0.195121951
6_30,crocodile,9.0,0.048780488
6_30,crocodile,9.0,0.024390244
6_31,was,3.0,0.756097561
6_32,waiting,7.0,0.341463415
6_33,for,3.0,0.536585366
6_34,him;,4.0,0.853658537
6_35,for,3.0,0.0
6_36,we,2.0,0.0
6_37,purposely,9.0,0.0
6_38,stopped,7.0,0.0
6_39,the,3.0,0.56097561
6_40,clock,5.0,0.048780488
6_41,that,4.0,0.048780488
6_42,this,4.0,0.024390244
6_43,knowledge,9.0,0.0
6_44,might,5.0,0.024390244
6_45,be,2.0,0.268292683
6_46,spared,6.0,0.0
6_47,him:,4.0,0.097560976
6_48,a,1.0,0.024390244
6_49,little,6.0,0.1
6_50,mark,4.0,0.0
6_51,of,2.0,0.2
6_52,respect,7.0,0.05
6_53,from,4.0,0.1
6_54,us,2.0,0.125
6_55,at,2.0,0.05
6_56,the,3.0,0.675
6_57,end.,4.0,0.125
7_1,Dorothy,7.0,0.0
7_2,didn't,6.0,0.0
7_3,know.,5.0,0.404761905
7_3,know.,5.0,0.023809524
7_4,She,3.0,0.452380952
7_4,She,3.0,0.142857143
7_5,looked,6.0,0.023809524
7_6,around,6.0,0.166666667
7_7,her,3.0,0.047619048
7_8,anxiously,9.0,0.023809524
7_9,for,3.0,0.097560976
7_10,some,4.0,0.12195122
7_11,familiar,8.0,0.048780488
7_12,landmark;,9.0,0.024390244
7_13,but,3.0,0.390243902
7_14,everything,10.0,0.025
7_15,was,3.0,0.536585366
7_15,was,3.0,0.024390244
7_16,strange.,8.0,0.12195122
7_17,Between,7.0,0.024390244
7_18,the,3.0,0.56097561
7_18,the,3.0,0.024390244
7_19,branches,8.0,0.0
7_20,of,2.0,0.487804878
7_20,of,2.0,0.024390244
7_21,the,3.0,0.682926829
7_21,the,3.0,0.024390244
7_22,many,4.0,0.024390244
7_23,roads,5.0,0.024390244
7_24,were,4.0,0.073170732
7_25,green,5.0,0.024390244
7_26,meadows,7.0,0.024390244
7_27,and,3.0,0.268292683
7_28,a,1.0,0.024390244
7_29,few,3.0,0.024390244
7_30,shrubs,6.0,0.0
7_31,and,3.0,0.1
7_32,"trees,",6.0,0.268292683
7_32,"trees,",6.0,0.048780488
7_33,but,3.0,0.219512195
7_34,she,3.0,0.205128205
7_35,couldn't,8.0,0.170731707
7_36,see,3.0,0.243902439
7_37,the,3.0,0.12195122
7_37,the,3.0,0.024390244
7_38,farm-house,10.0,0.0
7_39,from,4.0,0.073170732
7_40,which,5.0,0.12195122
7_41,she,3.0,0.902439024
7_41,she,3.0,0.024390244
7_42,had,3.0,0.292682927
7_42,had,3.0,0.024390244
7_43,just,4.0,0.024390244
7_44,"come,",5.0,0.536585366
7_44,"come,",5.0,0.024390244
7_45,or,2.0,0.048780488
7_46,anything,8.0,0.024390244
7_47,she,3.0,0.12195122
7_48,had,3.0,0.146341463
7_49,ever,4.0,0.048780488
7_50,seen,4.0,0.682926829
7_51,"before,",7.0,0.9
7_51,"before,",7.0,0.05
7_52,except,6.0,0.0
7_53,the,3.0,0.146341463
7_53,the,3.0,0.024390244
7_54,shaggy,6.0,0.0
7_55,man,3.0,0.0
7_56,and,3.0,0.073170732
7_57,Toto.,5.0,0.024390244
8_1,The,3.0,0.0
8_2,human,5.0,0.0
8_3,body,4.0,0.162790698
8_3,body,4.0,0.023255814
8_4,can,3.0,0.0
8_5,tolerate,8.0,0.0
8_6,only,4.0,0.0
8_7,a,1.0,0.162790698
8_7,a,1.0,0.023255814
8_8,small,5.0,0.372093023
8_9,range,5.0,0.0
8_10,of,2.0,0.976744186
8_10,of,2.0,0.023255814
8_11,"temperature,",12.0,0.071428571
8_12,especially,10.0,0.0
8_13,when,4.0,0.348837209
8_14,the,3.0,0.302325581
8_15,person,6.0,0.046511628
8_16,is,2.0,0.860465116
8_16,is,2.0,0.023255814
8_17,engaged,7.0,0.0
8_18,in,2.0,0.860465116
8_18,in,2.0,0.023255814
8_19,vigorous,8.0,0.023255814
8_20,activity.,9.0,0.255813953
8_20,activity.,9.0,0.023255814
8_21,Heat,4.0,0.023255814
8_22,reactions,9.0,0.023255814
8_23,usually,7.0,0.0
8_24,occur,5.0,0.209302326
8_25,when,4.0,0.534883721
8_25,when,4.0,0.023255814
8_26,large,5.0,0.0
8_27,amounts,7.0,0.76744186
8_28,of,2.0,0.930232558
8_28,of,2.0,0.023255814
8_29,water,5.0,0.069767442
8_30,and/or,6.0,0.0
8_31,salt,4.0,0.069767442
8_32,are,3.0,0.523809524
8_32,are,3.0,0.023809524
8_33,lost,4.0,0.255813953
8_34,through,7.0,0.162790698
8_35,excessive,9.0,0.0
8_36,sweating,8.0,0.255813953
8_37,following,9.0,0.023255814
8_38,strenuous,9.0,0.046511628
8_39,exercise.,9.0,0.418604651
8_40,When,4.0,0.046511628
8_40,When,4.0,0.023255814
8_41,the,3.0,0.325581395
8_42,body,4.0,0.651162791
8_43,becomes,7.0,0.069767442
8_44,overheated,10.0,0.162790698
8_45,and,3.0,0.093023256
8_46,cannot,6.0,0.0
8_47,eliminate,9.0,0.023255814
8_48,this,4.0,0.0
8_49,excess,6.0,0.119047619
8_50,"heat,",5.0,0.627906977
8_51,heat,4.0,0.047619048
8_52,exhaustion,10.0,0.023255814
8_53,and,3.0,0.046511628
8_54,heat,4.0,0.255813953
8_55,stroke,6.0,0.595238095
8_56,are,3.0,0.11627907
8_57,possible.,9.0,0.162790698
9_1,It,2.0,0.0
9_2,was,3.0,0.125
9_3,a,1.0,0.275
9_4,forbidding,10.0,0.0
9_5,"challenge,",10.0,0.0
9_6,and,3.0,0.0
9_7,it,2.0,0.102564103
9_8,says,4.0,0.0
9_9,much,4.0,0.025
9_10,for,3.0,0.025
9_11,Winstanley's,12.0,0.0
9_12,persuasive,10.0,0.0
9_13,"abilities,",10.0,0.025
9_14,not,3.0,0.0
9_15,to,2.0,0.325
9_16,mention,7.0,0.333333333
9_17,his,3.0,0.358974359
9_18,"self-confidence,",16.0,0.0
9_19,that,4.0,0.289473684
9_20,the,3.0,0.051282051
9_21,admiralty,9.0,0.0
9_22,agreed,6.0,0.0
9_23,to,2.0,0.487179487
9_24,fund,4.0,0.025641026
9_25,him.,4.0,0.076923077
9_26,No,2.0,0.027777778
9_27,lighthouse,10.0,0.0
9_28,had,3.0,0.102564103
9_29,ever,4.0,0.435897436
9_30,been,4.0,0.58974359
9_31,built,5.0,0.179487179
9_32,out,3.0,0.0
9_33,to,2.0,0.051282051
9_34,sea,3.0,0.205128205
9_35,on,2.0,0.0
9_36,an,2.0,0.051282051
9_37,isolated,8.0,0.0
9_38,rock,4.0,0.102564103
9_39,before.,7.0,0.205128205
9_40,The,3.0,0.085714286
9_40,The,3.0,0.028571429
9_41,Eddystone,9.0,0.0
9_42,is,2.0,0.025641026
9_43,hard,4.0,0.0
9_44,enough,6.0,0.105263158
9_45,to,2.0,0.736842105
9_46,"avoid,",6.0,0.0
9_47,but,3.0,0.435897436
9_48,landing,7.0,0.025641026
9_49,on,2.0,0.512820513
9_50,it,2.0,0.358974359
9_51,is,2.0,0.384615385
9_52,a,1.0,0.102564103
9_53,separate,8.0,0.0
9_54,challenge,9.0,0.205128205
9_55,entirely.,9.0,0.0
10_1,A,1.0,0.0
10_2,clergyman,9.0,0.0
10_3,remarked,8.0,0.0
10_4,to,2.0,0.025
10_5,"him,",4.0,0.0
10_6,"""The",4.0,0.052631579
10_7,Lord,4.0,0.097560976
10_8,is,2.0,0.146341463
10_9,on,2.0,0.048780488
10_10,our,3.0,0.219512195
10_11,"side.""",6.0,0.853658537
10_12,I,1.0,0.054054054
10_12,I,1.0,0.027027027
10_13,am,2.0,0.048780488
10_14,not,3.0,0.170731707
10_15,at,2.0,0.024390244
10_16,all,3.0,0.414634146
10_17,concerned,9.0,0.048780488
10_18,about,5.0,0.341463415
10_19,"that,",5.0,0.073170732
10_20,replied,7.0,0.024390244
10_21,Mr.,3.0,0.0
10_22,Lincoln;,8.0,0.024390244
10_23,"""for",4.0,0.024390244
10_24,I,1.0,0.487179487
10_24,I,1.0,0.051282051
10_25,know,4.0,0.365853659
10_25,know,4.0,0.024390244
10_26,that,4.0,0.75
10_27,the,3.0,0.536585366
10_27,the,3.0,0.048780488
10_28,Lord,4.0,0.756097561
10_28,Lord,4.0,0.12195122
10_29,is,2.0,0.536585366
10_30,always,6.0,0.097560976
10_31,on,2.0,0.463414634
10_32,the,3.0,0.12195122
10_33,side,4.0,0.658536585
10_34,of,2.0,0.804878049
10_35,the,3.0,0.512195122
10_36,right.,6.0,0.073170732
10_37,But,3.0,0.0
10_38,it,2.0,0.024390244
10_39,is,2.0,0.414634146
10_40,my,2.0,0.048780488
10_41,constant,8.0,0.0
10_42,anxiety,7.0,0.0
10_43,and,3.0,0.048780488
10_44,prayer,6.0,0.048780488
10_45,that,4.0,0.975609756
10_46,I,1.0,0.15
10_46,I,1.0,0.075
10_47,and,3.0,0.0
10_48,this,4.0,0.097560976
10_49,nation,6.0,0.146341463
10_50,should,6.0,0.024390244
10_51,be,2.0,0.487804878
10_52,on,2.0,0.230769231
10_53,the,3.0,0.804878049
10_54,Lord's,6.0,0.2
10_54,Lord's,6.0,0.05
10_55,"side.""",6.0,0.87804878
11_1,Known,5.0,0.0
11_2,as,2.0,0.05
11_3,Rapa,4.0,0.0
11_4,Nui,3.0,0.025
11_5,to,2.0,0.027027027
11_6,the,3.0,0.5
11_7,island's,8.0,0.0
11_8,"inhabitants,",12.0,0.1
11_9,Rongorongo,10.0,0.0
11_10,is,2.0,0.475
11_11,a,1.0,0.2
11_12,writing,7.0,0.0
11_13,system,6.0,0.025
11_14,comprised,9.0,0.0
11_15,of,2.0,0.925
11_16,pictographs.,12.0,0.0
11_17,It,2.0,0.179487179
11_17,It,2.0,0.051282051
11_18,has,3.0,0.15
11_19,been,4.0,0.2
11_20,found,5.0,0.0
11_21,carved,6.0,0.025
11_22,into,4.0,0.275
11_23,many,4.0,0.0
11_24,oblong,6.0,0.0
11_25,wooden,6.0,0.0
11_26,tablets,7.0,0.05
11_27,and,3.0,0.125
11_28,other,5.0,0.075
11_29,artifacts,9.0,0.05
11_30,from,4.0,0.076923077
11_31,the,3.0,0.65
11_32,island's,8.0,0.3
11_33,history.,8.0,0.125
11_34,The,3.0,0.102564103
11_34,The,3.0,0.076923077
11_35,art,3.0,0.0
11_36,of,2.0,0.475
11_37,writing,7.0,0.125
11_38,was,3.0,0.025
11_39,not,3.0,0.075
11_40,known,5.0,0.075
11_41,in,2.0,0.025
11_42,any,3.0,0.0
11_43,nearby,6.0,0.0
11_44,islands,7.0,0.375
11_45,and,3.0,0.05
11_46,the,3.0,0.125
11_47,script's,8.0,0.0
11_48,mere,4.0,0.0
11_49,existence,9.0,0.25
11_50,is,2.0,0.475
11_51,sufficient,10.0,0.0
11_52,to,2.0,0.55
11_53,confound,8.0,0.0
11_54,anthropologists.,16.0,0.0
12_1,Some,4.0,0.0
12_2,months,6.0,0.0
12_3,"later,",6.0,0.071428571
12_4,Michael,7.0,0.0
12_5,Larson,6.0,0.0
12_6,saw,3.0,0.047619048
12_7,another,7.0,0.0
12_8,opportunity,11.0,0.0
12_9,to,2.0,0.738095238
12_10,stack,5.0,0.0
12_11,the,3.0,0.238095238
12_12,odds,4.0,0.166666667
12_13,in,2.0,0.452380952
12_14,his,3.0,0.571428571
12_15,favor,5.0,0.857142857
12_16,with,4.0,0.0
12_17,a,1.0,0.142857143
12_18,dash,4.0,0.0
12_19,of,2.0,0.80952381
12_20,ingenuity.,10.0,0.0
12_21,He,2.0,0.463414634
12_21,He,2.0,0.170731707
12_22,walked,6.0,0.0
12_23,into,4.0,0.238095238
12_24,his,3.0,0.023809524
12_25,bank,4.0,0.023809524
12_26,one,3.0,0.0
12_27,day,3.0,0.619047619
12_28,and,3.0,0.731707317
12_29,asked,5.0,0.214285714
12_30,to,2.0,0.0
12_31,withdraw,8.0,0.214285714
12_32,his,3.0,0.071428571
12_33,entire,6.0,0.071428571
12_34,account,7.0,0.333333333
12_35,"balance,",8.0,0.119047619
12_36,but,3.0,0.047619048
12_37,with,4.0,0.0
12_38,an,2.0,0.023809524
12_39,unusual,7.0,0.0
12_40,stipulation:,12.0,0.0
12_41,He,2.0,0.365853659
12_41,He,2.0,0.048780488
12_42,wanted,6.0,0.476190476
12_43,as,2.0,0.0
12_44,much,4.0,0.380952381
12_45,of,2.0,0.142857143
12_46,the,3.0,0.404761905
12_47,cash,4.0,0.047619048
12_48,as,2.0,0.523809524
12_49,possible,8.0,0.452380952
12_50,in,2.0,0.30952381
12_51,one,3.0,0.261904762
12_52,dollar,6.0,0.428571429
12_53,notes.,6.0,0.0
13_1,Bob,3.0,0.0
13_2,"Murphy,",7.0,0.0
13_3,the,3.0,0.131578947
13_4,Senior,6.0,0.0
13_5,PGA,3.0,0.0
13_6,Tour,4.0,0.081081081
13_6,Tour,4.0,0.027027027
13_7,money,5.0,0.0
13_8,leader,6.0,0.078947368
13_9,with,4.0,0.0
13_10,seven,5.0,0.0
13_11,hundred,7.0,0.0
13_12,"thousand,",9.0,0.447368421
13_13,says,4.0,0.0
13_14,heat,4.0,0.0
13_15,shouldn't,9.0,0.0
13_16,be,2.0,0.315789474
13_17,a,1.0,0.552631579
13_18,factor.,7.0,0.526315789
13_19,"""I",2.0,0.0
13_20,don't,5.0,0.0
13_21,think,5.0,0.289473684
13_22,you're,6.0,0.526315789
13_23,going,5.0,0.0
13_24,to,2.0,0.315789474
13_25,have,4.0,1.0
13_26,a,1.0,0.026315789
13_27,heat,4.0,0.473684211
13_28,wave,4.0,0.026315789
13_29,I'm,3.0,0.157894737
13_30,not,3.0,0.0
13_31,going,5.0,0.078947368
13_32,to,2.0,0.052631579
13_33,be,2.0,1.0
13_34,able,4.0,0.236842105
13_35,to,2.0,0.236842105
13_36,"handle,""",8.0,1.0
13_37,he,2.0,0.184210526
13_38,said.,5.0,0.368421053
13_39,"""Everybody",10.0,0.526315789
13_40,treats,6.0,0.0
13_41,it,2.0,0.0
13_42,differently.,12.0,0.078947368
13_43,My,2.0,0.078947368
13_44,son,3.0,0.0
13_45,"Ronnie,",7.0,0.026315789
13_46,his,3.0,0.0
13_47,"caddie,",7.0,0.0
13_48,and,3.0,0.0
13_49,I,1.0,0.394736842
13_50,won't,5.0,0.236842105
13_50,won't,5.0,0.026315789
13_51,be,2.0,0.0
13_52,riding,6.0,0.263157895
13_53,carts.,6.0,0.0
14_1,With,4.0,0.0
14_2,schools,7.0,0.0
14_3,still,5.0,0.0
14_4,"closed,",7.0,0.0
14_5,cars,4.0,0.0
14_6,still,5.0,0.052631579
14_7,buried,6.0,0.0
14_8,and,3.0,0.076923077
14_9,streets,7.0,0.025641026
14_10,still,5.0,0.435897436
14_11,blocked,7.0,0.076923077
14_12,by,2.0,0.153846154
14_12,by,2.0,0.025641026
14_13,the,3.0,0.307692308
14_14,widespread,10.0,0.0
14_15,weekend,7.0,0.0
14_16,"snowstorm,",10.0,0.128205128
14_17,officials,9.0,0.025641026
14_18,are,3.0,0.384615385
14_19,asking,6.0,0.025641026
14_20,people,6.0,0.230769231
14_21,to,2.0,0.871794872
14_21,to,2.0,0.025641026
14_22,pick,4.0,0.0
14_23,up,2.0,0.538461538
14_23,up,2.0,0.025641026
14_24,a,1.0,0.051282051
14_25,shovel,6.0,0.384615385
14_25,shovel,6.0,0.025641026
14_26,and,3.0,0.948717949
14_26,and,3.0,0.025641026
14_27,help,4.0,0.41025641
14_27,help,4.0,0.025641026
14_28,out.,4.0,0.025641026
14_29,In,2.0,0.0
14_30,"Boston,",7.0,0.0
14_31,a,1.0,0.0
14_32,"""snow",5.0,0.025641026
14_33,"angel""",6.0,0.0
14_34,campaign,8.0,0.0
14_35,is,2.0,0.179487179
14_36,using,5.0,0.0
14_37,social,6.0,0.0
14_38,media,5.0,0.769230769
14_38,media,5.0,0.025641026
14_39,to,2.0,0.948717949
14_39,to,2.0,0.025641026
14_40,encourage,9.0,0.0
14_41,neighbors,9.0,0.0
14_42,and,3.0,0.076923077
14_43,friends,7.0,0.512820513
14_44,to,2.0,0.974358974
14_45,be,2.0,0.0
14_46,an,2.0,0.0
14_47,angel,5.0,0.333333333
14_48,and,3.0,0.358974359
14_48,and,3.0,0.025641026
14_49,help,4.0,0.692307692
14_49,help,4.0,0.025641026
14_50,dig,3.0,0.0
14_51,out,3.0,0.435897436
14_51,out,3.0,0.025641026
14_52,the,3.0,0.461538462
14_53,stranded.,9.0,0.025641026
15_1,Greg,4.0,0.0
15_2,"Anderson,",9.0,0.0
15_3,considered,10.0,0.0
15_4,a,1.0,0.081081081
15_5,key,3.0,0.0
15_6,witness,7.0,0.054054054
15_7,by,2.0,0.0
15_8,the,3.0,0.540540541
15_9,"prosecution,",12.0,0.081081081
15_10,vowed,5.0,0.0
15_11,he,2.0,0.081081081
15_12,wouldn't,8.0,0.702702703
15_13,testify,7.0,0.081081081
15_14,when,4.0,0.0
15_15,served,6.0,0.0
15_16,a,1.0,0.351351351
15_17,subpoena,8.0,0.108108108
15_18,last,4.0,0.028571429
15_19,week.,5.0,0.324324324
15_20,His,3.0,0.0
15_21,lawyers,7.0,0.0
15_22,said,4.0,0.162162162
15_23,he,2.0,0.27027027
15_24,was,3.0,0.216216216
15_25,prepared,8.0,0.0
15_26,for,3.0,0.081081081
15_27,a,1.0,0.162162162
15_28,third,5.0,0.0
15_29,prison,6.0,0.027027027
15_30,stay,4.0,0.054054054
15_31,to,2.0,0.055555556
15_32,maintain,8.0,0.0
15_33,his,3.0,0.702702703
15_34,silence.,8.0,0.054054054
15_35,Anderson,8.0,0.027027027
15_36,was,3.0,0.216216216
15_36,was,3.0,0.027027027
15_37,released,8.0,0.0
15_38,July,4.0,0.0
15_39,20,2.0,0.0
15_40,after,5.0,0.083333333
15_41,a,1.0,0.027027027
15_42,two-week,8.0,0.0
15_43,stay,4.0,0.243243243
15_44,for,3.0,0.081081081
15_45,previously,10.0,0.0
15_46,declining,9.0,0.027027027
15_47,to,2.0,0.783783784
15_48,testify,7.0,0.702702703
15_49,before,6.0,0.0
15_50,a,1.0,0.324324324
15_50,a,1.0,0.027027027
15_51,different,9.0,0.0
15_52,grand,5.0,0.0
15_53,jury.,5.0,0.810810811
15_53,jury.,5.0,0.027027027
16_1,Steam,5.0,0.0
16_2,sterilization,13.0,0.0
16_3,is,2.0,0.512820513
16_3,is,2.0,0.025641026
16_4,limited,7.0,0.0
16_5,in,2.0,0.102564103
16_6,the,3.0,0.153846154
16_7,types,5.0,0.0
16_8,of,2.0,0.974358974
16_8,of,2.0,0.025641026
16_9,medical,7.0,0.0
16_10,waste,5.0,0.0
16_11,it,2.0,0.384615385
16_11,it,2.0,0.025641026
16_12,can,3.0,0.487179487
16_12,can,3.0,0.025641026
16_13,"treat,",6.0,0.0
16_14,but,3.0,0.230769231
16_14,but,3.0,0.025641026
16_15,is,2.0,0.076923077
16_16,appropriate,11.0,0.0
16_17,for,3.0,0.615384615
16_17,for,3.0,0.025641026
16_18,laboratory,10.0,0.0
16_19,cultures,8.0,0.0
16_20,and,3.0,0.486486486
16_21,substances,10.0,0.0
16_22,contaminated,12.0,0.0
16_23,with,4.0,0.256410256
16_24,infectious,10.0,0.0
16_25,organisms.,10.0,0.0
16_26,The,3.0,0.081081081
16_26,The,3.0,0.027027027
16_27,waste,5.0,0.0
16_28,is,2.0,0.358974359
16_29,subjected,9.0,0.0
16_30,to,2.0,0.974358974
16_30,to,2.0,0.025641026
16_31,steam,5.0,0.102564103
16_32,in,2.0,0.0
16_33,a,1.0,0.307692308
16_33,a,1.0,0.025641026
16_34,"sealed,",7.0,0.0
16_35,pressurized,11.0,0.0
16_36,chamber.,8.0,0.051282051
16_37,The,3.0,0.131578947
16_37,The,3.0,0.078947368
16_38,liquid,6.0,0.0
16_39,that,4.0,0.025641026
16_40,may,3.0,0.0
16_41,form,4.0,0.025641026
16_42,is,2.0,0.128205128
16_42,is,2.0,0.025641026
16_43,drained,7.0,0.025641026
16_44,off,3.0,0.0
16_45,to,2.0,0.025641026
16_46,the,3.0,0.205128205
16_47,sewer,5.0,0.051282051
16_48,or,2.0,0.0
16_49,sent,4.0,0.0
16_50,for,3.0,0.0
16_51,processing.,11.0,0.0
17_1,Owls,4.0,0.0
17_2,are,3.0,0.487179487
17_3,more,4.0,0.0
17_4,flexible,8.0,0.024390244
17_5,than,4.0,0.756097561
17_5,than,4.0,0.024390244
17_6,humans,6.0,0.048780488
17_7,because,7.0,0.341463415
17_7,because,7.0,0.024390244
17_8,a,1.0,0.024390244
17_9,bird's,6.0,0.073170732
17_10,head,4.0,0.0
17_11,is,2.0,0.463414634
17_11,is,2.0,0.024390244
17_12,only,4.0,0.0
17_13,connected,9.0,0.12195122
17_14,by,2.0,0.341463415
17_14,by,2.0,0.024390244
17_15,one,3.0,0.365853659
17_16,socket,6.0,0.024390244
17_17,pivot.,6.0,0.024390244
17_18,People,6.0,0.0
17_19,have,4.0,0.43902439
17_19,have,4.0,0.024390244
17_20,"two,",4.0,0.243902439
17_21,which,5.0,0.219512195
17_22,limits,6.0,0.024390244
17_23,our,3.0,0.073170732
17_24,ability,7.0,0.268292683
17_25,to,2.0,0.951219512
17_25,to,2.0,0.024390244
17_26,"twist,",6.0,0.024390244
17_27,Forsman,7.0,0.0
17_28,added.,6.0,0.0
17_29,Owls,4.0,0.1
17_29,Owls,4.0,0.075
17_30,also,4.0,0.146341463
17_31,have,4.0,0.658536585
17_32,multiple,8.0,0.0
17_33,"vertebrae,",10.0,0.073170732
17_34,the,3.0,0.0
17_35,small,5.0,0.0
17_36,bones,5.0,0.146341463
17_37,that,4.0,0.170731707
17_38,make,4.0,0.275
17_39,up,2.0,0.56097561
17_40,the,3.0,0.731707317
17_40,the,3.0,0.024390244
17_41,neck,4.0,0.195121951
17_42,and,3.0,0.317073171
17_43,"spine,",6.0,0.365853659
17_44,helping,7.0,0.0
17_45,them,4.0,0.536585366
17_46,achieve,7.0,0.0
17_47,a,1.0,0.146341463
17_48,wide,4.0,0.0
17_49,range,5.0,0.634146341
17_50,of,2.0,0.926829268
17_50,of,2.0,0.024390244
17_51,motion.,7.0,0.390243902
18_1,Even,4.0,0.0
18_2,in,2.0,0.0
18_3,the,3.0,0.595238095
18_3,the,3.0,0.023809524
18_4,same,4.0,0.0
18_5,"animal,",7.0,0.0
18_6,not,3.0,0.0
18_7,all,3.0,0.43902439
18_7,all,3.0,0.024390244
18_8,bites,5.0,0.0
18_9,are,3.0,0.625
18_9,are,3.0,0.025
18_10,the,3.0,0.56097561
18_10,the,3.0,0.024390244
18_11,same.,5.0,0.8
18_11,same.,5.0,0.025
18_12,A,1.0,0.0
18_13,new,3.0,0.0
18_14,study,5.0,0.243902439
18_14,study,5.0,0.024390244
18_15,finds,5.0,0.0
18_16,that,4.0,0.902439024
18_16,that,4.0,0.024390244
18_17,because,7.0,0.024390244
18_18,the,3.0,0.12195122
18_19,force,5.0,0.0
18_20,in,2.0,0.025
18_21,a,1.0,0.024390244
18_22,muscle,6.0,0.048780488
18_23,depends,7.0,0.024390244
18_24,on,2.0,0.87804878
18_24,on,2.0,0.024390244
18_25,how,3.0,0.097560976
18_26,much,4.0,0.341463415
18_27,it,2.0,0.0
18_28,is,2.0,0.268292683
18_29,"stretched,",10.0,0.024390244
18_30,an,2.0,0.0
18_31,animal's,8.0,0.707317073
18_31,animal's,8.0,0.024390244
18_32,bite,4.0,0.634146341
18_33,force,5.0,0.024390244
18_34,depends,7.0,0.170731707
18_35,on,2.0,0.87804878
18_35,on,2.0,0.024390244
18_36,the,3.0,0.365853659
18_36,the,3.0,0.024390244
18_37,size,4.0,0.170731707
18_38,of,2.0,0.926829268
18_38,of,2.0,0.024390244
18_39,what,4.0,0.0
18_40,it,2.0,0.317073171
18_41,is,2.0,0.463414634
18_42,biting.,7.0,0.475
18_43,The,3.0,0.102564103
18_43,The,3.0,0.102564103
18_44,finding,7.0,0.0
18_45,has,3.0,0.12195122
18_46,direct,6.0,0.0
18_47,implications,12.0,0.146341463
18_48,for,3.0,0.146341463
18_49,ecology,7.0,0.0
18_50,and,3.0,0.536585366
18_50,and,3.0,0.024390244
18_51,evolution.,10.0,0.0
19_1,"Interestingly,",14.0,0.0
19_2,the,3.0,0.230769231
19_3,heaviest,8.0,0.0
19_4,isotopes,8.0,0.0
19_5,physicists,10.0,0.0
19_6,have,4.0,0.405405405
19_7,managed,7.0,0.0
19_8,to,2.0,0.973684211
19_9,synthesize,10.0,0.0
19_10,so,2.0,0.0
19_11,far,3.0,0.184210526
19_12,don't,5.0,0.0
19_13,behave,6.0,0.026315789
19_14,quite,5.0,0.026315789
19_15,like,4.0,0.578947368
19_16,science's,9.0,0.0
19_17,best,4.0,0.026315789
19_18,current,7.0,0.0
19_19,models,6.0,0.026315789
19_20,"predict,",8.0,0.108108108
19_21,so,2.0,0.052631579
19_22,stable,6.0,0.0
19_23,superheavy,10.0,0.0
19_24,nuclei,6.0,0.0
19_25,are,3.0,0.378378378
19_26,likely,6.0,0.0
19_27,to,2.0,0.842105263
19_28,be,2.0,0.131578947
19_29,full,4.0,0.0
19_30,of,2.0,0.815789474
19_31,surprises.,10.0,0.052631579
19_32,Chemists,8.0,0.0
19_33,cannot,6.0,0.0
19_34,even,4.0,0.026315789
19_35,predict,7.0,0.105263158
19_36,with,4.0,0.026315789
19_37,any,3.0,0.026315789
19_38,certainty,9.0,0.210526316
19_39,whether,7.0,0.027027027
19_40,these,5.0,0.131578947
19_41,materials,9.0,0.0
19_42,will,4.0,0.289473684
19_43,exist,5.0,0.0
19_44,as,2.0,0.026315789
19_45,"gases,",6.0,0.0
19_46,"liquids,",8.0,0.473684211
19_47,or,2.0,0.894736842
19_48,solids,6.0,1.0
19_49,at,2.0,0.055555556
19_50,room,4.0,0.368421053
19_51,temperature.,12.0,0.973684211
20_1,Buck,4.0,0.0
20_2,did,3.0,0.0
20_3,not,3.0,0.7
20_4,like,4.0,0.175
20_5,"it,",3.0,0.0
20_6,but,3.0,0.125
20_7,he,2.0,0.85
20_8,bore,4.0,0.0
20_9,up,2.0,0.025641026
20_10,well,4.0,0.025641026
20_11,to,2.0,0.025
20_12,the,3.0,0.425
20_13,"work,",5.0,0.052631579
20_14,taking,6.0,0.054054054
20_15,pride,5.0,0.052631579
20_16,in,2.0,0.921052632
20_17,it.,3.0,0.131578947
20_18,It,2.0,0.027027027
20_19,was,3.0,0.763157895
20_20,a,1.0,0.131578947
20_21,monotonous,10.0,0.051282051
20_22,"life,",5.0,0.051282051
20_23,operating,9.0,0.051282051
20_24,with,4.0,0.076923077
20_25,machine-like,12.0,0.025641026
20_26,regularity.,11.0,0.051282051
20_27,One,3.0,0.051282051
20_28,day,3.0,0.666666667
20_29,was,3.0,0.025641026
20_30,very,4.0,0.051282051
20_31,like,4.0,0.051282051
20_32,another.,8.0,0.052631579
20_33,At,2.0,0.026315789
20_34,a,1.0,0.076923077
20_35,certain,7.0,0.076923077
20_36,time,4.0,0.487179487
20_37,each,4.0,0.105263158
20_38,morning,7.0,0.052631579
20_39,the,3.0,0.131578947
20_40,cooks,5.0,0.052631579
20_41,turned,6.0,0.052631579
20_42,"out,",4.0,0.052631579
20_43,fires,5.0,0.052631579
20_44,were,4.0,0.131578947
20_45,"built,",6.0,0.052631579
20_46,and,3.0,0.657894737
20_47,breakfast,9.0,0.052631579
20_48,was,3.0,0.868421053
20_49,eaten.,6.0,0.052631579
21_1,These,5.0,0.0
21_2,"days,",5.0,0.023809524
21_3,neuroscience,12.0,0.0
21_4,is,2.0,0.571428571
21_5,beginning,9.0,0.0
21_6,to,2.0,0.952380952
21_6,to,2.0,0.023809524
21_7,catch,5.0,0.0
21_8,up,2.0,0.285714286
21_8,up,2.0,0.023809524
21_9,to,2.0,0.238095238
21_10,musicians,9.0,0.0
21_11,who,3.0,0.12195122
21_12,practice,8.0,0.023809524
21_13,mentally.,9.0,0.0
21_14,Although,8.0,0.0
21_15,the,3.0,0.071428571
21_16,details,7.0,0.0
21_17,are,3.0,0.595238095
21_18,still,5.0,0.166666667
21_18,still,5.0,0.023809524
21_19,somewhat,8.0,0.0
21_20,"elusive,",8.0,0.0
21_21,the,3.0,0.119047619
21_22,key,3.0,0.0
21_23,to,2.0,0.476190476
21_24,the,3.0,0.095238095
21_24,the,3.0,0.023809524
21_25,success,7.0,0.047619048
21_26,of,2.0,0.547619048
21_27,mental,6.0,0.023809524
21_28,imagery,7.0,0.0
21_29,as,2.0,0.0
21_30,a,1.0,0.619047619
21_31,rehearsal,9.0,0.0
21_32,technique,9.0,0.095238095
21_33,is,2.0,0.682926829
21_34,that,4.0,0.0
21_35,most,4.0,0.0
21_36,of,2.0,0.19047619
21_37,the,3.0,0.833333333
21_38,same,4.0,0.0
21_39,neurological,12.0,0.0
21_40,regions,7.0,0.023809524
21_41,are,3.0,0.571428571
21_42,invoked,7.0,0.0
21_43,by,2.0,0.261904762
21_44,mental,6.0,0.071428571
21_45,practice,8.0,0.166666667
21_46,as,2.0,0.219512195
21_47,by,2.0,0.047619048
21_48,real,4.0,0.024390244
21_49,practice.,9.0,0.5
22_1,Not,3.0,0.0
22_2,only,4.0,0.069767442
22_3,smoke,5.0,0.0
22_4,came,4.0,0.0
22_5,out,3.0,0.255813953
22_5,out,3.0,0.023255814
22_6,of,2.0,0.790697674
22_6,of,2.0,0.046511628
22_7,it.,3.0,0.0
22_8,There,5.0,0.162790698
22_8,There,5.0,0.046511628
22_9,came,4.0,0.023255814
22_10,also,4.0,0.268292683
22_10,also,4.0,0.024390244
22_11,children's,10.0,0.024390244
22_12,"voices,",7.0,0.071428571
22_13,for,3.0,0.046511628
22_14,so,2.0,0.046511628
22_15,safe,4.0,0.046511628
22_16,did,3.0,0.069767442
22_17,the,3.0,0.23255814
22_17,the,3.0,0.046511628
22_18,boys,4.0,0.046511628
22_19,feel,4.0,0.325581395
22_19,feel,4.0,0.023255814
22_20,in,2.0,0.139534884
22_20,in,2.0,0.023255814
22_21,their,5.0,0.093023256
22_22,hiding-place,12.0,0.0
22_23,that,4.0,0.56097561
22_23,that,4.0,0.048780488
22_24,they,4.0,0.813953488
22_24,they,4.0,0.046511628
22_25,were,4.0,0.11627907
22_26,gaily,5.0,0.046511628
22_27,chattering.,11.0,0.046511628
22_28,The,3.0,0.255813953
22_28,The,3.0,0.093023256
22_29,pirates,7.0,0.046511628
22_30,listened,8.0,0.046511628
22_31,"grimly,",7.0,0.046511628
22_32,and,3.0,0.23255814
22_33,then,4.0,0.069767442
22_34,replaced,8.0,0.047619048
22_35,the,3.0,0.666666667
22_35,the,3.0,0.023809524
22_36,mushroom.,9.0,0.05
22_37,They,4.0,0.146341463
22_37,They,4.0,0.073170732
22_38,looked,6.0,0.073170732
22_38,looked,6.0,0.024390244
22_39,around,6.0,0.2
22_40,them,4.0,0.05
22_41,and,3.0,0.6
22_41,and,3.0,0.025
22_42,noted,5.0,0.05
22_43,the,3.0,0.1
22_44,holes,5.0,0.0
22_45,in,2.0,0.820512821
22_45,in,2.0,0.025641026
22_46,the,3.0,0.846153846
22_46,the,3.0,0.025641026
22_47,seven,5.0,0.025641026
22_48,trees.,6.0,0.131578947
23_1,When,4.0,0.0
23_2,a,1.0,0.0
23_3,nucleus,7.0,0.0
23_4,has,3.0,0.069767442
23_5,all,3.0,0.0
23_6,of,2.0,0.279069767
23_7,its,3.0,0.511627907
23_8,proton,6.0,0.0
23_9,shells,6.0,0.0
23_10,or,2.0,0.0
23_11,neutron,7.0,0.302325581
23_12,shells,6.0,0.906976744
23_13,loaded,6.0,0.0
23_14,to,2.0,0.046511628
23_15,full,4.0,0.093023256
23_16,"capacity,",9.0,0.558139535
23_17,the,3.0,0.186046512
23_18,layers,6.0,0.0
23_19,can,3.0,0.0
23_20,align,5.0,0.023255814
23_21,so,2.0,0.0
23_22,well,4.0,0.0
23_23,that,4.0,0.906976744
23_24,each,4.0,0.0
23_25,shell,5.0,0.139534884
23_26,can,3.0,0.302325581
23_27,spoon,5.0,0.0
23_28,intimately,10.0,0.0
23_29,with,4.0,0.558139535
23_30,its,3.0,0.0
23_31,attractive,10.0,0.0
23_32,"neighbors,",10.0,0.047619048
23_33,forming,7.0,0.0
23_34,a,1.0,0.69047619
23_35,more,4.0,0.0
23_36,compact,7.0,0.071428571
23_37,sphere,6.0,0.0
23_38,that,4.0,0.12195122
23_39,fits,4.0,0.0
23_40,well,4.0,0.095238095
23_41,within,6.0,0.095238095
23_42,the,3.0,0.547619048
23_43,strong,6.0,0.0
23_44,nuclear,7.0,0.023809524
23_45,force's,7.0,0.071428571
23_46,area,4.0,0.023809524
23_47,of,2.0,0.595238095
23_48,influence.,10.0,0.166666667
24_1,Hybrid,6.0,0.0
24_2,vehicles,8.0,0.024390244
24_3,have,4.0,0.024390244
24_4,a,1.0,0.024390244
24_5,halo,4.0,0.0
24_6,that,4.0,0.024390244
24_7,makes,5.0,0.073170732
24_8,owners,6.0,0.0
24_9,feel,4.0,0.146341463
24_10,righteous,9.0,0.024390244
24_11,and,3.0,0.341463415
24_12,their,5.0,0.024390244
24_13,neighbors,9.0,0.125
24_14,feel,4.0,0.341463415
24_15,guilty,6.0,0.073170732
24_16,for,3.0,0.275
24_17,not,3.0,0.414634146
24_18,doing,5.0,0.073170732
24_19,as,2.0,0.024390244
24_20,much,4.0,0.292682927
24_21,to,2.0,0.341463415
24_22,save,4.0,0.243902439
24_23,the,3.0,0.756097561
24_23,the,3.0,0.024390244
24_24,planet.,7.0,0.195121951
24_25,They,4.0,0.153846154
24_25,They,4.0,0.051282051
24_26,also,4.0,0.195121951
24_27,cost,4.0,0.025
24_28,more,4.0,0.25
24_29,and,3.0,0.025
24_30,a,1.0,0.0
24_31,new,3.0,0.0
24_32,report,6.0,0.05
24_33,from,4.0,0.025
24_34,the,3.0,0.5
24_35,very,4.0,0.025
24_36,green,5.0,0.025
24_37,Union,5.0,0.025
24_38,of,2.0,0.384615385
24_39,Concerned,9.0,0.025641026
24_39,Concerned,9.0,0.025641026
24_40,Scientists,10.0,0.051282051
24_40,Scientists,10.0,0.025641026
24_41,says,4.0,0.256410256
24_42,buyers,6.0,0.025641026
24_43,aren't,6.0,0.256410256
24_44,always,6.0,0.051282051
24_45,getting,7.0,0.128205128
24_46,their,5.0,0.179487179
24_47,money's,7.0,0.564102564
24_48,worth.,6.0,0.974358974
25_1,The,3.0,0.0
25_2,girl's,6.0,0.0
25_3,feet,4.0,0.0
25_4,were,4.0,0.631578947
25_4,were,4.0,0.052631579
25_5,then,4.0,0.0
25_6,re-wrapped,10.0,0.0
25_7,even,4.0,0.0
25_8,tighter,7.0,0.078947368
25_9,than,4.0,0.578947368
25_10,"before,",7.0,0.605263158
25_10,"before,",7.0,0.052631579
25_11,causing,7.0,0.052631579
25_11,causing,7.0,0.026315789
25_12,her,3.0,0.473684211
25_12,her,3.0,0.026315789
25_13,footprint,9.0,0.0
25_14,to,2.0,0.947368421
25_14,to,2.0,0.052631579
25_15,shrink,6.0,0.315789474
25_16,further,7.0,0.0
25_17,as,2.0,0.0
25_18,the,3.0,0.184210526
25_19,bones,5.0,0.026315789
25_20,slowly,6.0,0.0
25_21,fused,5.0,0.052631579
25_22,into,4.0,0.027027027
25_23,their,5.0,0.027027027
25_24,new,3.0,0.054054054
25_25,configuration.,14.0,0.0
25_26,Occasionally,12.0,0.0
25_27,girls',6.0,0.0
25_28,feet,4.0,0.675675676
25_28,feet,4.0,0.054054054
25_29,would,5.0,0.216216216
25_30,"fester,",7.0,0.0
25_31,and,3.0,0.277777778
25_32,blood,5.0,0.0
25_33,poisoning,9.0,0.0
25_34,from,4.0,0.0
25_35,gangrene,8.0,0.0
25_36,could,5.0,0.0
25_37,be,2.0,0.027027027
25_37,be,2.0,0.027027027
25_38,a,1.0,0.162162162
25_39,cause,5.0,0.027027027
25_40,for,3.0,0.27027027
25_41,"concern,",8.0,0.162162162
25_42,but,3.0,0.135135135
25_43,an,2.0,0.0
25_44,estimated,9.0,0.0
25_45,90%,3.0,0.0
25_46,survived,8.0,0.0
25_47,the,3.0,0.486486486
25_47,the,3.0,0.027027027
25_48,process.,8.0,0.081081081
26_1,An,2.0,0.0
26_2,early,5.0,0.0
26_3,task,4.0,0.0
26_4,will,4.0,0.024390244
26_5,be,2.0,0.256410256
26_6,to,2.0,0.1
26_6,to,2.0,0.025
26_7,make,4.0,0.0
26_8,sure,4.0,0.048780488
26_8,sure,4.0,0.024390244
26_9,the,3.0,0.024390244
26_10,newfound,8.0,0.0
26_11,microbes,8.0,0.0
26_12,were,4.0,0.0
26_13,not,3.0,0.12195122
26_14,introduced,10.0,0.0
26_15,while,5.0,0.0
26_16,drilling,8.0,0.0
26_17,through,7.0,0.048780488
26_18,the,3.0,0.75
26_18,the,3.0,0.025
26_19,ice,3.0,0.048780488
26_20,into,4.0,0.024390244
26_21,the,3.0,0.902439024
26_21,the,3.0,0.024390244
26_22,"lake,",5.0,0.097560976
26_23,which,5.0,0.048780488
26_24,involved,8.0,0.0
26_25,a,1.0,0.097560976
26_25,a,1.0,0.024390244
26_26,hot-water,9.0,0.0
26_27,drilling,8.0,0.0
26_28,technique,9.0,0.024390244
26_28,technique,9.0,0.024390244
26_29,designed,8.0,0.0
26_30,to,2.0,0.853658537
26_30,to,2.0,0.024390244
26_31,greatly,7.0,0.0
26_32,reduce,6.0,0.365853659
26_33,or,2.0,0.024390244
26_34,eliminate,9.0,0.341463415
26_35,any,3.0,0.0
26_36,contamination,13.0,0.0
26_37,that,4.0,0.15
26_38,might,5.0,0.170731707
26_39,come,4.0,0.0
26_40,from,4.0,0.317073171
26_41,other,5.0,0.048780488
26_42,kerosene-based,14.0,0.0
26_43,drilling,8.0,0.292682927
26_44,"technology,",11.0,0.0
26_45,Christner,9.0,0.0
26_46,said.,5.0,0.12195122
26_46,said.,5.0,0.024390244
27_1,Very,4.0,0.0
27_2,"similar,",8.0,0.0
27_3,but,3.0,0.027027027
27_4,even,4.0,0.0
27_5,more,4.0,0.282051282
27_6,"striking,",9.0,0.025641026
27_7,is,2.0,0.358974359
27_8,the,3.0,0.846153846
27_9,evidence,8.0,0.0
27_10,from,4.0,0.0
27_11,athletic,8.0,0.0
27_12,training.,9.0,0.102564103
27_13,As,2.0,0.0
27_14,with,4.0,0.025641026
27_15,rehearsing,10.0,0.0
27_16,a,1.0,0.131578947
27_17,piece,5.0,0.0
27_18,on,2.0,0.0
27_19,the,3.0,0.421052632
27_20,"piano,",6.0,0.487179487
27_21,practicing,10.0,0.0
27_22,a,1.0,0.108108108
27_23,complex,7.0,0.0
27_24,physical,8.0,0.026315789
27_25,task,4.0,0.078947368
27_26,in,2.0,0.0
27_27,the,3.0,0.263157895
27_28,mind,4.0,0.026315789
27_29,alone,5.0,0.026315789
27_30,is,2.0,0.263157895
27_31,nearly,6.0,0.026315789
27_32,as,2.0,0.473684211
27_33,effective,9.0,0.131578947
27_34,a,1.0,0.026315789
27_35,learning,8.0,0.027027027
27_36,strategy,8.0,0.157894737
27_37,as,2.0,0.540540541
27_38,actually,8.0,0.135135135
27_39,physically,10.0,0.054054054
27_40,doing,5.0,0.447368421
27_41,it.,3.0,0.157894737
27_42,But,3.0,0.028571429
27_43,it,2.0,0.216216216
27_44,doesnÕt,7.0,0.184210526
27_45,stop,4.0,0.027027027
27_46,there.,6.0,0.315789474
28_1,Very,4.0,0.0
28_2,"similar,",8.0,0.0
28_3,but,3.0,0.282051282
28_4,even,4.0,0.025
28_5,more,4.0,0.0
28_6,"striking,",9.0,0.025641026
28_7,is,2.0,0.0
28_8,the,3.0,0.0
28_9,evidence,8.0,0.0
28_10,from,4.0,0.307692308
28_11,athletic,8.0,0.076923077
28_12,training.,9.0,0.0
28_13,As,2.0,0.117647059
28_14,with,4.0,0.052631579
28_15,rehearsing,10.0,0.368421053
28_16,a,1.0,0.0
28_17,piece,5.0,0.210526316
28_18,on,2.0,0.0
28_19,the,3.0,0.0
28_20,"piano,",6.0,0.0
28_21,practicing,10.0,0.0
28_22,a,1.0,0.184210526
28_23,complex,7.0,0.763157895
28_23,complex,7.0,0.026315789
28_24,physical,8.0,0.051282051
28_25,task,4.0,0.815789474
28_25,task,4.0,0.026315789
28_26,in,2.0,0.0
28_27,the,3.0,0.0
28_28,mind,4.0,0.105263158
28_29,alone,5.0,0.0
28_30,is,2.0,0.205128205
28_31,nearly,6.0,0.236842105
28_32,as,2.0,0.026315789
28_33,effective,9.0,0.026315789
28_34,a,1.0,0.763157895
28_34,a,1.0,0.026315789
28_35,learning,8.0,0.052631579
28_36,strategy,8.0,0.0
28_37,as,2.0,0.263157895
28_38,actually,8.0,0.078947368
28_38,actually,8.0,0.078947368
28_39,physically,10.0,0.228571429
28_40,doing,5.0,0.0
28_41,it.,3.0,0.0
28_42,But,3.0,0.837837838
28_42,But,3.0,0.027027027
28_43,it,2.0,0.131578947
28_44,doesn't,7.0,0.368421053
28_44,doesn't,7.0,0.210526316
28_45,stop,4.0,0.657894737
28_45,stop,4.0,0.026315789
28_46,there.,6.0,0.078947368
28_46,there.,6.0,0.026315789
29_1,A,1.0,0.0
29_2,bill,4.0,0.0
29_3,was,3.0,0.0
29_4,drafted,7.0,0.05
29_5,and,3.0,0.0
29_6,introduced,10.0,0.375
29_6,introduced,10.0,0.075
29_7,into,4.0,0.0
29_8,Parliament,10.0,0.0
29_9,several,7.0,0.025
29_10,times,5.0,0.025
29_11,but,3.0,0.35
29_12,met,3.0,0.0
29_13,with,4.0,0.7
29_14,great,5.0,0.2
29_15,"opposition,",11.0,0.075
29_16,mostly,6.0,1.0
29_17,from,4.0,0.025
29_18,farmers.,8.0,0.0
29_19,"Eventually,",11.0,0.725
29_20,in,2.0,0.0
29_21,"1925,",5.0,0.65
29_22,it,2.0,0.0
29_23,was,3.0,0.025641026
29_24,decided,7.0,0.615384615
29_25,that,4.0,0.0
29_26,summer,6.0,0.641025641
29_27,time,4.0,0.538461538
29_28,should,6.0,0.153846154
29_29,begin,5.0,0.102564103
29_30,on,2.0,0.025641026
29_31,the,3.0,0.0
29_32,day,3.0,0.205128205
29_33,following,9.0,0.0
29_34,the,3.0,0.512820513
29_35,third,5.0,0.102564103
29_36,Saturday,8.0,0.025641026
29_37,in,2.0,0.0
29_38,April,5.0,0.179487179
29_39,and,3.0,0.0
29_40,close,5.0,0.025641026
29_41,after,5.0,0.846153846
29_42,the,3.0,0.0
29_43,first,5.0,0.076923077
29_44,Saturday,8.0,0.027027027
29_45,in,2.0,0.394736842
29_46,October.,8.0,0.0
30_1,When,4.0,0.0
30_2,early,5.0,0.4
30_3,Europeans,9.0,0.0
30_4,discovered,10.0,0.025
30_5,Easter,6.0,0.0
30_6,"Island,",7.0,0.0
30_7,its,3.0,0.025
30_8,somewhat,8.0,0.0
30_9,isolated,8.0,0.075
30_9,isolated,8.0,0.025
30_10,ecosystem,9.0,0.1
30_11,was,3.0,0.5
30_12,suffering,9.0,0.05
30_13,from,4.0,0.0
30_14,the,3.0,0.25
30_15,effects,7.0,0.025
30_16,of,2.0,0.1
30_17,limited,7.0,0.0
30_18,natural,7.0,0.3
30_18,natural,7.0,0.025
30_19,"resources,",10.0,0.051282051
30_20,"deforestation,",14.0,0.0
30_21,and,3.0,0.35
30_21,and,3.0,0.025
30_22,overpopulation.,15.0,0.125
30_22,overpopulation.,15.0,0.025
30_23,Over,4.0,0.0
30_24,the,3.0,0.0
30_25,following,9.0,0.125
30_26,years,5.0,0.6
30_26,years,5.0,0.025
30_27,the,3.0,0.9
30_27,the,3.0,0.025
30_28,island's,8.0,0.846153846
30_28,island's,8.0,0.025641026
30_29,population,10.0,0.275
30_30,of,2.0,0.0
30_31,four,4.0,0.0
30_32,thousand,8.0,0.75
30_32,thousand,8.0,0.025
30_33,or,2.0,0.102564103
30_34,so,2.0,0.0
30_35,was,3.0,0.275
30_36,slowly,6.0,0.025
30_37,eroded,6.0,0.95
30_37,eroded,6.0,0.025
30_38,by,2.0,0.125
30_39,Western,7.0,0.076923077
30_40,disease,7.0,0.0
30_41,and,3.0,0.65
30_41,and,3.0,0.025
30_42,deportation,11.0,0.0
30_43,by,2.0,0.41025641
30_44,slave,5.0,0.35
30_44,slave,5.0,0.025
30_45,traders.,8.0,0.0
31_1,Binge,5.0,0.0
31_2,drinking,8.0,0.0
31_3,may,3.0,0.05
31_4,not,3.0,0.0
31_5,necessarily,11.0,0.1
31_6,kill,4.0,0.2
31_7,or,2.0,0.0
31_8,even,4.0,0.375
31_9,damage,6.0,0.425
31_10,brain,5.0,0.0
31_11,"cells,",6.0,0.0
31_12,as,2.0,0.125
31_13,commonly,8.0,0.0
31_14,"thought,",8.0,0.1
31_15,a,1.0,0.55
31_16,new,3.0,0.0
31_17,animal,6.0,0.0
31_18,study,5.0,0.95
31_19,suggests.,9.0,0.175
31_20,But,3.0,1.0
31_21,it,2.0,0.25
31_22,can,3.0,0.9
31_23,block,5.0,0.125
31_24,key,3.0,0.0
31_25,receptors,9.0,0.1
31_26,in,2.0,0.0
31_27,the,3.0,0.0
31_28,brain,5.0,0.075
31_29,and,3.0,0.025
31_30,trigger,7.0,1.0
31_31,production,10.0,0.0
31_32,of,2.0,0.0
31_33,a,1.0,0.575
31_34,steroid,7.0,0.0
31_35,that,4.0,0.875
31_36,interferes,10.0,0.1
31_37,with,4.0,0.0
31_38,brain,5.0,0.35
31_39,functions,9.0,1.0
31_40,critical,8.0,0.0
31_41,to,2.0,1.0
31_42,learning,8.0,0.2
31_43,and,3.0,0.307692308
31_44,memory.,7.0,0.025
32_1,When,4.0,0.0
32_2,preparing,9.0,0.0
32_3,to,2.0,0.0
32_4,check,5.0,0.0
32_5,out,3.0,0.0
32_6,of,2.0,0.025
32_7,their,5.0,0.0
32_8,hotel,5.0,0.1
32_9,"room,",5.0,0.325
32_9,"room,",5.0,0.025
32_10,some,4.0,0.25
32_10,some,4.0,0.025
32_11,frequent,8.0,0.275
32_12,travelers,9.0,0.9
32_12,travelers,9.0,0.025
32_13,pile,4.0,0.9
32_13,pile,4.0,0.025
32_14,up,2.0,0.75
32_14,up,2.0,0.05
32_15,their,5.0,0.075
32_16,used,4.0,0.0
32_17,bath,4.0,0.175
32_18,towels,6.0,0.0
32_19,on,2.0,0.825
32_19,on,2.0,0.025
32_20,the,3.0,0.95
32_20,the,3.0,0.025
32_21,bathroom,8.0,0.384615385
32_21,bathroom,8.0,0.025641026
32_22,"floor,",6.0,0.0
32_23,which,5.0,0.0
32_24,would,5.0,0.0
32_25,make,4.0,0.0
32_26,them,4.0,0.179487179
32_27,easy,4.0,0.0
32_28,for,3.0,0.0
32_29,housekeepers,12.0,0.05
32_30,to,2.0,0.0
32_31,spot.,5.0,0.15
32_32,Other,5.0,0.105263158
32_33,travelers,9.0,0.105263158
32_34,neatly,6.0,0.736842105
32_34,neatly,6.0,0.026315789
32_35,fold,4.0,0.0
32_36,"them,",5.0,0.157894737
32_37,or,2.0,0.756756757
32_38,hang,4.0,0.973684211
32_38,hang,4.0,0.026315789
32_39,them,4.0,0.210526316
32_39,them,4.0,0.026315789
32_40,from,4.0,0.078947368
32_41,the,3.0,0.105263158
32_42,shower,6.0,0.342105263
32_42,shower,6.0,0.026315789
32_43,curtain,7.0,0.0
32_44,pole.,5.0,0.0
33_1,In,2.0,0.0
33_2,no,2.0,0.0
33_3,celestial,9.0,0.023809524
33_4,"hurry,",6.0,0.0
33_5,Neptune,7.0,0.023809524
33_6,has,3.0,0.0
33_7,just,4.0,0.880952381
33_7,just,4.0,0.023809524
33_8,completed,9.0,0.952380952
33_8,completed,9.0,0.023809524
33_9,its,3.0,0.0
33_10,first,5.0,0.404761905
33_11,orbit,5.0,0.0
33_12,around,6.0,0.333333333
33_13,the,3.0,0.214285714
33_14,sun,3.0,0.80952381
33_14,sun,3.0,0.023809524
33_15,since,5.0,0.642857143
33_16,being,5.0,0.097560976
33_16,being,5.0,0.024390244
33_17,discovered,10.0,0.023809524
33_18,165,3.0,0.047619048
33_19,years,5.0,0.024390244
33_20,ago,3.0,0.0
33_21,by,2.0,0.024390244
33_22,Earthlings.,11.0,0.073170732
33_23,As,2.0,0.219512195
33_23,As,2.0,0.024390244
33_24,Space.com,9.0,0.0
33_25,"notes,",6.0,0.268292683
33_25,"notes,",6.0,0.024390244
33_26,the,3.0,0.024390244
33_27,big,3.0,0.390243902
33_28,blue-green,10.0,0.317073171
33_29,gas,3.0,0.731707317
33_30,bag,3.0,0.756097561
33_30,bag,3.0,0.024390244
33_31,is,2.0,0.365853659
33_32,the,3.0,0.073170732
33_33,only,4.0,0.317073171
33_34,planet,6.0,0.219512195
33_35,in,2.0,0.0
33_36,our,3.0,0.43902439
33_36,our,3.0,0.024390244
33_37,solar,5.0,0.048780488
33_38,system,6.0,0.707317073
33_38,system,6.0,0.024390244
33_39,to,2.0,0.0
33_40,be,2.0,0.56097561
33_40,be,2.0,0.024390244
33_41,discovered,10.0,0.024390244
33_42,by,2.0,0.0
33_43,mathematics.,12.0,0.536585366
34_1,When,4.0,0.0
34_2,"attacked,",9.0,0.071428571
34_3,a,1.0,0.0
34_4,skunk's,7.0,0.0
34_5,natural,7.0,0.166666667
34_6,inclination,11.0,0.0
34_7,is,2.0,0.0
34_8,to,2.0,0.071428571
34_9,turn,4.0,0.0
34_10,"around,",7.0,0.023809524
34_11,lick,4.0,0.642857143
34_12,its,3.0,0.142857143
34_13,tail,4.0,0.0
34_14,and,3.0,0.785714286
34_15,spray,5.0,0.428571429
34_16,a,1.0,0.976190476
34_17,noxious,7.0,0.0
34_18,scent.,6.0,0.0
34_19,That,4.0,0.0
34_20,works,5.0,0.142857143
34_21,when,4.0,0.833333333
34_22,a,1.0,0.166666667
34_22,a,1.0,0.023809524
34_23,skunk,5.0,0.095238095
34_24,faces,5.0,0.261904762
34_25,a,1.0,0.175
34_25,a,1.0,0.025
34_25,a,1.0,0.025
34_26,natural,7.0,0.0
34_27,predator,8.0,0.0
34_28,in,2.0,0.047619048
34_28,in,2.0,0.023809524
34_29,the,3.0,0.0
34_30,"wild,",5.0,0.523809524
34_31,but,3.0,0.333333333
34_32,it's,4.0,0.024390244
34_33,not,3.0,0.0
34_34,as,2.0,0.166666667
34_35,helpful,7.0,0.261904762
34_36,when,4.0,0.119047619
34_37,faced,5.0,0.119047619
34_38,"with,",5.0,0.023809524
34_39,let's,5.0,0.0
34_40,"say,",4.0,0.0
34_41,an,2.0,0.666666667
34_42,oncoming,8.0,0.0
34_43,car.,4.0,0.0
35_1,Lady,4.0,0.0
35_2,Gaga's,6.0,0.0
35_3,YouTube,7.0,0.0
35_4,account,7.0,0.243902439
35_5,was,3.0,0.0
35_6,suspended,9.0,0.0
35_7,Thursday.,9.0,0.43902439
35_8,The,3.0,0.87804878
35_8,The,3.0,0.024390244
35_9,notice,6.0,0.024390244
35_10,read,4.0,0.463414634
35_10,read,4.0,0.024390244
35_11,that,4.0,0.0
35_12,the,3.0,0.0
35_13,suspension,10.0,0.0
35_14,was,3.0,0.731707317
35_15,due,3.0,0.0
35_16,to,2.0,0.024390244
35_17,"""multiple",9.0,0.170731707
35_17,"""multiple",9.0,0.024390244
35_18,or,2.0,0.975609756
35_18,or,2.0,0.024390244
35_19,severe,6.0,0.0
35_20,violations,10.0,0.0
35_21,of,2.0,0.195121951
35_22,YouTube's,9.0,0.097560976
35_23,copyright,9.0,0.024390244
35_24,"policy.""",8.0,0.0
35_25,The,3.0,0.0
35_26,Google,6.0,0.102564103
35_27,Inc.-owned,10.0,0.536585366
35_27,Inc.-owned,10.0,0.048780488
35_28,YouTube,7.0,0.0
35_29,declined,8.0,0.025
35_30,to,2.0,0.024390244
35_31,comment.,8.0,0.0
35_32,It's,4.0,0.682926829
35_32,It's,4.0,0.024390244
35_33,YouTube,7.0,0.682926829
35_33,YouTube,7.0,0.024390244
35_34,policy,6.0,0.0
35_35,to,2.0,0.170731707
35_35,to,2.0,0.024390244
35_36,remove,6.0,0.048780488
35_37,accounts,8.0,0.05
35_38,after,5.0,0.0
35_39,three,5.0,0.05
35_40,copyright,9.0,0.024390244
35_41,violations.,11.0,0.048780488
36_1,The,3.0,0.0
36_2,astronauts,10.0,0.0
36_3,used,4.0,0.0
36_4,a,1.0,0.0
36_5,hefty,5.0,0.0
36_6,robotic,7.0,0.7
36_6,robotic,7.0,0.025
36_7,arm,3.0,0.0
36_8,to,2.0,0.0
36_9,move,4.0,0.0
36_10,the,3.0,0.078947368
36_11,bus-size,8.0,0.825
36_11,bus-size,8.0,0.025
36_12,"canister,",9.0,0.35
36_12,"canister,",9.0,0.025
36_13,stuffed,7.0,0.157894737
36_14,with,4.0,0.0
36_15,nearly,6.0,0.0
36_16,three,5.0,0.725
36_16,three,5.0,0.025
36_17,tons,4.0,0.0
36_18,of,2.0,0.05
36_19,packing,7.0,0.05
36_20,foam,4.0,0.025
36_21,and,3.0,0.0
36_22,other,5.0,0.95
36_22,other,5.0,0.025
36_23,space,5.0,0.0
36_24,station,7.0,0.0
36_25,refuse.,7.0,0.525
36_26,It,2.0,0.15
36_27,was,3.0,0.1
36_28,the,3.0,0.0
36_29,last,4.0,0.3
36_30,job,3.0,0.05
36_31,shared,6.0,0.0
36_32,by,2.0,0.102564103
36_33,the,3.0,0.0
36_34,shuttle,7.0,0.025
36_35,and,3.0,0.475
36_36,station,7.0,0.425
36_37,"crews,",6.0,0.0
36_38,numbering,9.0,0.7
36_39,ten,3.0,0.368421053
36_40,astronauts,10.0,0.0
36_41,altogether.,11.0,0.0
37_1,Rich,4.0,0.0
37_2,investors,9.0,0.0
37_3,with,4.0,0.0
37_4,no,2.0,0.0
37_5,ties,4.0,0.125
37_6,to,2.0,0.0
37_7,"farming,",8.0,0.0
37_8,no,2.0,0.0
37_9,dirt,4.0,0.538461538
37_9,dirt,4.0,0.128205128
37_9,dirt,4.0,0.025641026
37_10,under,5.0,0.230769231
37_11,their,5.0,0.0
37_12,"nails,",6.0,0.871794872
37_13,are,3.0,0.179487179
37_14,confident,9.0,0.0
37_15,enough,6.0,0.0
37_16,to,2.0,0.051282051
37_17,wager,5.0,0.0
37_18,big,3.0,1.0
37_19,on,2.0,0.0
37_20,a,1.0,0.564102564
37_21,patch,5.0,0.282051282
37_22,of,2.0,0.0
37_23,earth,5.0,0.487179487
37_24,Ñ,1.0,0.128205128
37_25,betting,7.0,0.0
37_26,that,4.0,0.692307692
37_27,it's,4.0,0.743589744
37_28,a,1.0,0.179487179
37_29,smart,5.0,0.461538462
37_30,investment,10.0,0.0
37_31,because,7.0,0.0
37_32,food,4.0,0.974358974
37_33,will,4.0,0.076923077
37_34,only,4.0,0.081081081
37_35,get,3.0,0.0
37_36,more,4.0,0.256410256
37_37,expensive,9.0,0.974358974
37_38,around,6.0,0.974358974
37_39,the,3.0,0.076923077
37_40,world.,6.0,0.0
38_1,John,4.0,0.0
38_2,Thornton,8.0,0.051282051
38_3,asked,5.0,0.0
38_4,little,6.0,0.0
38_5,of,2.0,0.051282051
38_6,man,3.0,0.307692308
38_7,or,2.0,0.0
38_8,nature.,7.0,0.358974359
38_8,nature.,7.0,0.025641026
38_9,He,2.0,0.076923077
38_9,He,2.0,0.025641026
38_10,was,3.0,0.0
38_11,unafraid,8.0,0.0
38_12,of,2.0,0.0
38_13,the,3.0,0.256410256
38_13,the,3.0,0.025641026
38_14,wild.,5.0,0.0
38_15,With,4.0,0.205128205
38_16,a,1.0,0.025641026
38_17,handful,7.0,0.769230769
38_17,handful,7.0,0.025641026
38_18,of,2.0,0.256410256
38_19,salt,4.0,0.078947368
38_19,salt,4.0,0.026315789
38_20,and,3.0,0.282051282
38_20,and,3.0,0.025641026
38_21,a,1.0,0.0
38_22,rifle,5.0,0.153846154
38_23,he,2.0,0.105263158
38_24,could,5.0,0.794871795
38_24,could,5.0,0.025641026
38_25,plunge,6.0,0.0
38_26,into,4.0,0.846153846
38_26,into,4.0,0.025641026
38_27,the,3.0,0.0
38_28,wilderness,10.0,0.128205128
38_29,and,3.0,0.184210526
38_29,and,3.0,0.026315789
38_30,fare,4.0,0.128205128
38_31,wherever,8.0,0.051282051
38_32,he,2.0,0.0
38_33,pleased,7.0,0.948717949
38_33,pleased,7.0,0.025641026
38_34,and,3.0,0.0
38_35,as,2.0,0.447368421
38_35,as,2.0,0.026315789
38_36,long,4.0,0.210526316
38_37,as,2.0,0.0
38_38,he,2.0,0.026315789
38_39,pleased.,8.0,0.368421053
38_39,pleased.,8.0,0.026315789
39_1,All,3.0,0.0
39_2,that,4.0,0.0
39_3,the,3.0,0.0
39_4,brain,5.0,0.0
39_5,has,3.0,0.0
39_6,to,2.0,0.0
39_7,work,4.0,0.0
39_8,with,4.0,0.0
39_9,are,3.0,0.052631579
39_10,imperfect,9.0,0.026315789
39_11,incoming,8.0,0.131578947
39_12,electrical,10.0,0.394736842
39_13,impulses,8.0,0.5
39_14,announcing,10.0,0.0
39_15,that,4.0,0.921052632
39_16,things,6.0,0.078947368
39_17,are,3.0,0.0
39_18,happening.,10.0,0.078947368
39_19,It,2.0,0.184210526
39_20,is,2.0,0.052631579
39_21,then,4.0,0.0
39_22,the,3.0,0.135135135
39_23,job,3.0,0.052631579
39_24,of,2.0,0.131578947
39_25,neurons,7.0,0.0
39_26,to,2.0,0.135135135
39_27,rapidly,7.0,0.0
39_28,interpret,9.0,0.026315789
39_29,these,5.0,0.789473684
39_30,signals,7.0,0.0
39_31,as,2.0,0.052631579
39_32,well,4.0,0.052631579
39_33,as,2.0,0.710526316
39_34,they,4.0,0.027027027
39_35,"can,",4.0,0.026315789
39_36,and,3.0,0.157894737
39_37,suggest,7.0,0.236842105
39_38,how,3.0,0.052631579
39_39,to,2.0,0.078947368
39_40,react.,6.0,0.026315789
40_1,That's,6.0,0.0
40_2,because,7.0,0.0
40_3,when,4.0,0.0
40_4,immigrants,10.0,0.153846154
40_5,from,4.0,0.0
40_6,a,1.0,0.692307692
40_7,particular,10.0,0.102564103
40_8,cultural,8.0,0.0
40_9,group,5.0,0.974358974
40_10,move,4.0,0.025641026
40_11,into,4.0,0.717948718
40_12,a,1.0,0.0
40_13,new,3.0,0.102564103
40_14,"one,",4.0,0.0
40_15,they,4.0,1.0
40_16,bring,5.0,0.026315789
40_17,genetic,7.0,0.026315789
40_18,diversity,9.0,0.342105263
40_19,"that,",5.0,0.421052632
40_20,if,2.0,0.157894737
40_21,the,3.0,0.973684211
40_22,immigrants,10.0,0.052631579
40_23,have,4.0,0.026315789
40_24,"children,",9.0,0.894736842
40_25,get,3.0,0.0
40_26,mixed,5.0,0.157894737
40_26,mixed,5.0,0.026315789
40_27,"around,",7.0,0.184210526
40_28,changing,8.0,0.789473684
40_29,the,3.0,0.473684211
40_30,new,3.0,0.052631579
40_31,population's,12.0,0.526315789
40_32,gene,4.0,0.026315789
40_33,pool.,5.0,0.052631579
40_34,But,3.0,0.0
40_35,the,3.0,0.108108108
40_36,new,3.0,0.0
40_37,population's,12.0,0.026315789
40_38,culture,7.0,0.026315789
40_39,doesn't,7.0,0.0
40_40,necessarily,11.0,0.0
40_41,change.,7.0,0.026315789
41_1,Police,6.0,0.0
41_2,in,2.0,0.0
41_3,Georgia,7.0,0.512195122
41_3,Georgia,7.0,0.048780488
41_4,have,4.0,0.0
41_5,shut,4.0,0.0
41_6,down,4.0,0.0
41_7,a,1.0,0.0
41_8,lemonade,8.0,0.0
41_9,stand,5.0,0.125
41_10,run,3.0,0.461538462
41_11,by,2.0,0.026315789
41_12,three,5.0,0.0
41_13,girls,5.0,0.0
41_14,trying,6.0,0.425
41_14,trying,6.0,0.05
41_15,to,2.0,0.25
41_16,save,4.0,0.0
41_17,up,2.0,0.025
41_18,for,3.0,0.2
41_19,a,1.0,0.2
41_19,a,1.0,0.075
41_20,trip,4.0,0.0
41_21,to,2.0,0.25
41_22,a,1.0,0.3
41_23,water,5.0,0.128205128
41_24,"park,",5.0,0.0
41_25,saying,6.0,0.1
41_25,saying,6.0,0.025
41_26,they,4.0,0.0
41_27,didn't,6.0,0.307692308
41_27,didn't,6.0,0.076923077
41_28,have,4.0,0.0
41_29,a,1.0,0.2
41_30,business,8.0,0.0
41_31,license,7.0,0.025641026
41_32,or,2.0,0.105263158
41_33,the,3.0,0.575
41_33,the,3.0,0.05
41_34,required,8.0,0.85
41_34,required,8.0,0.05
41_35,permits.,8.0,0.0
41_36,Morningstar,11.0,0.05
41_37,says,4.0,0.0
41_38,police,6.0,0.0
41_39,also,4.0,0.05
41_40,didn't,6.0,0.717948718
41_40,didn't,6.0,0.025641026
41_41,know,4.0,0.0
41_42,how,3.0,0.275
41_42,how,3.0,0.025
41_43,the,3.0,0.175
41_43,the,3.0,0.025
41_44,lemonade,8.0,0.325
41_44,lemonade,8.0,0.025
41_45,was,3.0,0.0
41_46,made.,5.0,0.692307692
41_46,made.,5.0,0.025641026
42_1,Research,8.0,0.0
42_2,showing,7.0,0.0
42_3,that,4.0,0.025
42_4,a,1.0,0.95
42_5,tiny,4.0,0.975
42_6,European,8.0,0.025
42_7,river,5.0,0.0
42_8,bug,3.0,0.325
42_9,called,6.0,0.0
42_10,the,3.0,0.7
42_11,water,5.0,0.675
42_12,boatman,7.0,0.05
42_13,may,3.0,0.0
42_14,be,2.0,0.125
42_14,be,2.0,0.05
42_15,the,3.0,0.0
42_16,loudest,7.0,0.0
42_17,animal,6.0,0.025
42_18,on,2.0,0.075
42_19,earth,5.0,0.0
42_20,for,3.0,0.0
42_21,its,3.0,0.25
42_22,size,4.0,0.075
42_23,has,3.0,0.925
42_24,some,4.0,0.0
42_25,interesting,11.0,0.0
42_26,sidebars.,9.0,0.325
42_27,The,3.0,0.358974359
42_28,insect,6.0,0.0
42_29,is,2.0,0.0
42_30,just,4.0,0.025
42_31,two,3.0,0.3
42_32,millimeters,11.0,0.0
42_33,long,4.0,0.487179487
42_34,and,3.0,1.025
42_35,yet,3.0,0.05
42_36,produces,8.0,0.075
42_37,an,2.0,0.2
42_38,underwater,10.0,0.025
42_39,call,4.0,0.58974359
42_40,that,4.0,0.0
42_41,has,3.0,0.175
42_42,been,4.0,0.025
42_43,measured,8.0,0.0
42_44,at,2.0,0.275
42_45,99.2,4.0,0.025641026
42_46,decibels.,9.0,0.025
43_1,There,5.0,0.0
43_2,often,5.0,0.0
43_3,seems,5.0,0.047619048
43_4,to,2.0,0.0
43_5,be,2.0,0.119047619
43_6,more,4.0,0.0
43_7,diving,6.0,0.048780488
43_8,in,2.0,0.146341463
43_9,soccer,6.0,0.0
43_10,than,4.0,0.365853659
43_11,in,2.0,0.0
43_12,the,3.0,0.0
43_13,Summer,6.0,0.0
43_14,Olympics.,9.0,0.0
43_15,Phantom,7.0,0.317073171
43_16,"contact,",8.0,0.0
43_17,or,2.0,0.463414634
43_18,the,3.0,0.0
43_19,slightest,9.0,0.0
43_20,"collision,",10.0,0.0
43_21,can,3.0,0.0
43_22,lead,4.0,0.024390244
43_23,to,2.0,0.951219512
43_24,theatrical,10.0,0.073170732
43_25,belly,5.0,0.317073171
43_26,flops,5.0,0.0
43_27,and,3.0,0.024390244
43_28,exaggerated,11.0,0.0
43_29,somersaults,11.0,0.0
43_30,by,2.0,0.390243902
43_31,players,7.0,0.707317073
43_32,deceptively,11.0,0.024390244
43_33,trying,6.0,0.024390244
43_34,to,2.0,0.780487805
43_35,draw,4.0,0.926829268
43_36,fouls,5.0,0.0
43_37,on,2.0,0.097560976
43_38,their,5.0,0.024390244
43_39,"opponents,",10.0,0.585365854
43_40,kill,4.0,0.475
43_41,time,4.0,0.170731707
43_42,or,2.0,0.0
43_43,catch,5.0,0.87804878
43_44,a,1.0,0.0
43_45,breather,8.0,0.292682927
43_46,when,4.0,0.390243902
43_47,tired.,6.0,0.0
44_1,Proper,6.0,0.0
44_2,ventilation,11.0,0.0
44_3,will,4.0,0.0
44_4,make,4.0,0.342105263
44_5,a,1.0,0.0
44_6,backdraft,9.0,0.0
44_7,less,4.0,0.210526316
44_8,likely.,7.0,0.0
44_9,Opening,7.0,0.078947368
44_10,a,1.0,0.0
44_11,room,4.0,0.947368421
44_12,or,2.0,0.0
44_13,building,8.0,0.342105263
44_14,at,2.0,0.921052632
44_15,the,3.0,0.710526316
44_16,highest,7.0,0.0
44_17,point,5.0,0.0
44_18,allows,6.0,0.026315789
44_19,heated,6.0,0.0
44_20,gases,5.0,0.0
44_21,and,3.0,0.0
44_22,smoke,5.0,0.657894737
44_23,to,2.0,0.578947368
44_24,be,2.0,0.0
44_25,released,8.0,0.0
44_26,gradually.,10.0,0.0
44_27,"However,",8.0,0.756756757
44_27,"However,",8.0,0.027027027
44_28,suddenly,8.0,0.578947368
44_29,breaking,8.0,0.0
44_30,a,1.0,0.026315789
44_31,window,6.0,0.157894737
44_32,or,2.0,0.157894737
44_33,opening,7.0,0.0
44_34,a,1.0,0.894736842
44_35,door,4.0,0.5
44_36,is,2.0,0.026315789
44_36,is,2.0,0.026315789
44_37,a,1.0,0.394736842
44_37,a,1.0,0.026315789
44_38,"mistake,",8.0,0.0
44_39,because,7.0,0.135135135
44_40,it,2.0,0.0
44_41,allows,6.0,0.052631579
44_42,oxygen,6.0,0.0
44_43,to,2.0,0.105263158
44_44,rush,4.0,0.026315789
44_45,"in,",3.0,0.157894737
44_46,causing,7.0,0.789473684
44_47,an,2.0,0.0
44_48,explosion.,10.0,0.0
45_1,The,3.0,0.0
45_2,first,5.0,0.0
45_3,step,4.0,0.526315789
45_3,step,4.0,0.026315789
45_4,to,2.0,0.0
45_5,be,2.0,0.0
45_6,taken,5.0,0.0
45_7,in,2.0,0.846153846
45_8,studying,8.0,0.128205128
45_9,the,3.0,0.923076923
45_10,history,7.0,0.974358974
45_11,of,2.0,0.076923077
45_12,our,3.0,1.0
45_13,country,7.0,0.307692308
45_14,is,2.0,0.205128205
45_15,to,2.0,0.974358974
45_16,form,4.0,0.025641026
45_17,some,4.0,0.131578947
45_18,clear,5.0,0.307692308
45_19,and,3.0,0.447368421
45_20,proper,6.0,0.631578947
45_21,conception,10.0,0.307692308
45_22,of,2.0,0.052631579
45_22,of,2.0,0.052631579
45_23,the,3.0,0.025641026
45_24,characteristics,15.0,0.025641026
45_25,and,3.0,0.256410256
45_26,condition,9.0,0.025641026
45_27,of,2.0,0.871794872
45_28,the,3.0,0.0
45_29,territory,9.0,0.769230769
45_30,which,5.0,0.026315789
45_31,is,2.0,0.051282051
45_32,now,3.0,0.026315789
45_33,occupied,8.0,0.025641026
45_34,by,2.0,0.692307692
45_35,the,3.0,0.153846154
45_36,American,8.0,0.025641026
45_37,"people,",7.0,0.102564103
45_38,as,2.0,0.052631579
45_39,it,2.0,0.051282051
45_40,existed,7.0,0.025641026
45_41,when,4.0,0.923076923
45_42,first,5.0,0.230769231
45_43,discovered,10.0,0.025641026
45_44,and,3.0,0.307692308
45_45,explored,8.0,0.102564103
45_46,by,2.0,0.179487179
45_47,Europeans.,10.0,0.538461538
46_1,Susan,5.0,0.0
46_2,B.,2.0,0.0
46_3,Anthony,7.0,0.0
46_4,spent,5.0,0.0
46_5,nearly,6.0,0.953488372
46_6,sixty,5.0,0.209302326
46_7,years,5.0,0.0
46_8,of,2.0,0.0
46_9,her,3.0,0.906976744
46_10,life,4.0,0.0
46_11,devoted,7.0,0.209302326
46_12,to,2.0,0.11627907
46_13,the,3.0,0.953488372
46_14,cause,5.0,0.88372093
46_15,of,2.0,0.0
46_16,social,6.0,0.0
46_17,justice,7.0,0.0
46_18,and,3.0,0.0
46_19,equality,8.0,0.255813953
46_20,for,3.0,0.0
46_21,all.,4.0,0.488372093
46_22,Her,3.0,0.047619048
46_23,major,5.0,0.069767442
46_24,contributions,13.0,0.069767442
46_25,were,4.0,0.511627907
46_26,focused,7.0,0.23255814
46_26,focused,7.0,0.046511628
46_27,on,2.0,0.0
46_28,womenÕs,7.0,0.348837209
46_29,rights.,7.0,0.790697674
46_30,Her,3.0,0.0
46_31,primary,7.0,0.0
46_32,achievement,11.0,0.404761905
46_33,lay,3.0,0.139534884
46_34,in,2.0,0.0
46_35,her,3.0,0.119047619
46_36,inspiration,11.0,0.785714286
46_37,and,3.0,0.069767442
46_38,influence,9.0,0.880952381
46_39,of,2.0,0.186046512
46_39,of,2.0,0.162790698
46_40,thousands,9.0,0.720930233
46_40,thousands,9.0,0.023255814
46_41,of,2.0,0.697674419
46_42,people,6.0,0.139534884
46_43,promoting,9.0,0.261904762
46_44,the,3.0,0.953488372
46_45,right,5.0,0.0
46_46,of,2.0,0.813953488
46_47,women,5.0,0.744186047
46_47,women,5.0,0.023255814
46_48,to,2.0,0.930232558
46_49,vote.,5.0,0.0
47_1,As,2.0,0.0
47_2,Earth,5.0,0.0
47_3,warms,5.0,0.0
47_4,due,3.0,0.0
47_5,to,2.0,0.0
47_6,the,3.0,0.12195122
47_7,human-caused,12.0,0.048780488
47_8,release,7.0,0.243902439
47_9,of,2.0,0.048780488
47_10,heat-trapping,13.0,0.414634146
47_11,gases,5.0,0.0
47_12,into,4.0,0.658536585
47_13,the,3.0,0.634146341
47_14,"atmosphere,",11.0,0.853658537
47_14,"atmosphere,",11.0,0.024390244
47_15,frozen,6.0,0.585365854
47_15,frozen,6.0,0.024390244
47_16,Arctic,6.0,0.609756098
47_17,soils,5.0,0.075
47_17,soils,5.0,0.025
47_18,also,4.0,0.024390244
47_19,"warm,",5.0,0.1
47_20,thaw,4.0,0.0
47_21,and,3.0,0.951219512
47_21,and,3.0,0.024390244
47_22,release,7.0,0.073170732
47_23,more,4.0,0.024390244
47_24,carbon,6.0,0.024390244
47_25,dioxide.,8.0,0.048780488
47_26,The,3.0,0.195121951
47_27,added,5.0,0.12195122
47_28,carbon,6.0,0.951219512
47_28,carbon,6.0,0.024390244
47_29,dioxide,7.0,0.0
47_30,accelerates,11.0,0.128205128
47_31,Earth's,7.0,0.307692308
47_32,"warming,",8.0,0.875
47_32,"warming,",8.0,0.025
47_33,which,5.0,0.0
47_34,further,7.0,0.1
47_35,accelerates,11.0,0.2
47_36,the,3.0,0.0
47_37,thawing,7.0,0.325
47_38,of,2.0,0.725
47_38,of,2.0,0.025
47_39,Arctic,6.0,0.075
47_40,soils,5.0,0.625
47_41,and,3.0,0.0
47_42,the,3.0,0.55
47_43,release,7.0,0.025
47_44,of,2.0,0.025
47_45,even,4.0,0.0
47_46,more,4.0,0.95
47_46,more,4.0,0.025
47_47,carbon,6.0,0.625
47_48,dioxide.,8.0,0.95
47_48,dioxide.,8.0,0.025
48_1,"Unfortunately,",14.0,0.0
48_2,for,3.0,0.0
48_3,every,5.0,0.552631579
48_4,six,3.0,0.0
48_5,water,5.0,0.810810811
48_5,water,5.0,0.108108108
48_6,bottles,7.0,0.0
48_7,we,2.0,0.0
48_8,"use,",4.0,0.027027027
48_9,only,4.0,0.0
48_10,one,3.0,0.0
48_11,makes,5.0,0.837837838
48_12,it,2.0,0.810810811
48_12,it,2.0,0.027027027
48_13,to,2.0,0.837837838
48_14,the,3.0,0.027027027
48_15,recycling,9.0,0.0
48_16,bin.,4.0,0.054054054
48_17,The,3.0,0.0
48_18,rest,4.0,0.351351351
48_19,are,3.0,0.108108108
48_20,sent,4.0,0.567567568
48_21,to,2.0,1.0
48_22,landfills,9.0,0.0
48_23,"or,",3.0,0.0
48_24,even,4.0,0.675675676
48_25,"worse,",6.0,0.243243243
48_26,they,4.0,0.243243243
48_27,end,3.0,0.0
48_28,up,2.0,0.0
48_29,as,2.0,0.0
48_30,trash,5.0,0.108108108
48_31,on,2.0,0.0
48_32,the,3.0,0.756756757
48_33,land,4.0,0.945945946
48_34,and,3.0,0.918918919
48_35,in,2.0,1.0
48_36,"rivers,",7.0,0.513513514
48_37,"lakes,",6.0,0.216216216
48_38,and,3.0,0.189189189
48_39,the,3.0,0.166666667
48_40,ocean.,6.0,0.837837838
48_41,Plastic,7.0,0.0
48_42,bottles,7.0,0.918918919
48_43,take,4.0,0.135135135
48_44,many,4.0,0.648648649
48_45,hundreds,8.0,0.972972973
48_46,of,2.0,0.783783784
48_47,years,5.0,0.0
48_48,to,2.0,0.324324324
48_49,disintegrate.,13.0,0.135135135
49_1,As,2.0,0.0
49_2,in,2.0,0.0
49_3,the,3.0,0.025641026
49_4,United,6.0,0.153846154
49_5,"States,",7.0,0.179487179
49_6,Colombian,9.0,0.648648649
49_7,legislation,11.0,0.487179487
49_8,requires,8.0,0.102564103
49_9,travelers,9.0,1.0
49_10,entering,8.0,0.974358974
49_11,the,3.0,0.769230769
49_11,the,3.0,0.128205128
49_12,country,7.0,0.0
49_13,to,2.0,0.333333333
49_14,declare,7.0,0.076923077
49_15,cash,4.0,1.0
49_16,in,2.0,0.157894737
49_17,excess,6.0,0.0
49_18,of,2.0,0.794871795
49_19,ten,3.0,0.026315789
49_20,thousand,8.0,0.128205128
49_21,dollars.,8.0,0.815789474
49_22,Concealing,10.0,0.384615385
49_23,more,4.0,0.684210526
49_24,than,4.0,0.0
49_25,that,4.0,0.538461538
49_26,amount,6.0,0.666666667
49_27,to,2.0,0.948717949
49_28,transport,9.0,0.921052632
49_29,it,2.0,0.526315789
49_30,into,4.0,0.0
49_31,or,2.0,0.205128205
49_32,out,3.0,0.0
49_33,of,2.0,0.564102564
49_34,the,3.0,0.0
49_35,country,7.0,0.076923077
49_36,is,2.0,0.102564103
49_37,a,1.0,0.0
49_38,crime,5.0,0.0
49_39,punishable,10.0,0.153846154
49_40,by,2.0,0.025641026
49_41,up,2.0,0.179487179
49_42,to,2.0,0.0
49_43,five,4.0,0.076923077
49_44,years,5.0,0.051282051
49_45,in,2.0,0.0
49_46,prison,6.0,0.128205128
49_47,in,2.0,0.0
49_48,the,3.0,0.282051282
49_49,United,6.0,0.0
49_50,States.,7.0,0.923076923
50_1,For,3.0,0.0
50_2,"centuries,",10.0,0.119047619
50_3,time,4.0,0.0
50_4,was,3.0,0.0
50_5,measured,8.0,0.452380952
50_6,by,2.0,0.0
50_7,the,3.0,0.595238095
50_8,position,8.0,0.19047619
50_9,of,2.0,0.880952381
50_9,of,2.0,0.023809524
50_10,the,3.0,0.023809524
50_11,sun,3.0,0.333333333
50_12,with,4.0,0.571428571
50_13,the,3.0,0.0
50_14,use,3.0,0.56097561
50_14,use,3.0,0.024390244
50_15,of,2.0,0.547619048
50_15,of,2.0,0.023809524
50_16,sundials.,9.0,0.0
50_17,Noon,4.0,0.047619048
50_18,was,3.0,0.595238095
50_19,recognized,10.0,0.0
50_20,when,4.0,0.904761905
50_20,when,4.0,0.023809524
50_21,the,3.0,0.714285714
50_22,sun,3.0,0.195121951
50_23,was,3.0,0.0
50_24,the,3.0,0.595238095
50_24,the,3.0,0.023809524
50_25,highest,7.0,0.047619048
50_26,in,2.0,0.0
50_27,the,3.0,0.023809524
50_28,"sky,",4.0,0.048780488
50_29,and,3.0,0.095238095
50_30,cities,6.0,0.0
50_31,would,5.0,0.43902439
50_31,would,5.0,0.024390244
50_32,set,3.0,0.0
50_33,their,5.0,0.047619048
50_34,clock,5.0,0.0
50_35,by,2.0,0.238095238
50_36,this,4.0,0.0
50_37,apparent,8.0,0.476190476
50_37,apparent,8.0,0.023809524
50_38,solar,5.0,0.904761905
50_38,solar,5.0,0.023809524
50_39,"time,",5.0,0.0
50_40,even,4.0,0.095238095
50_41,though,6.0,0.166666667
50_42,some,4.0,0.047619048
50_43,cities,6.0,0.585365854
50_44,would,5.0,0.0
50_45,often,5.0,0.0
50_46,be,2.0,0.048780488
50_47,on,2.0,0.476190476
50_48,a,1.0,0.166666667
50_49,slightly,8.0,0.0
50_50,different,9.0,0.285714286
50_50,different,9.0,0.023809524
50_51,time.,5.0,0.780487805
50_51,time.,5.0,0.024390244
51_1,When,4.0,0.0
51_2,the,3.0,0.0
51_3,new,3.0,0.0
51_4,world,5.0,0.081081081
51_5,was,3.0,0.0
51_6,first,5.0,0.0
51_7,discovered,10.0,0.891891892
51_7,discovered,10.0,0.027027027
51_8,it,2.0,0.0
51_9,was,3.0,0.0
51_10,found,5.0,0.054054054
51_10,found,5.0,0.027027027
51_11,to,2.0,0.029411765
51_12,"be,",3.0,0.0
51_13,like,4.0,0.648648649
51_14,the,3.0,0.0
51_15,"old,",4.0,0.243243243
51_15,"old,",4.0,0.027027027
51_16,well,4.0,0.0
51_17,stocked,7.0,0.0
51_18,with,4.0,0.114285714
51_19,plants,6.0,0.0
51_20,and,3.0,0.0
51_21,"animals,",8.0,0.0
51_22,and,3.0,0.111111111
51_23,inhabited,9.0,0.944444444
51_23,inhabited,9.0,0.027777778
51_24,by,2.0,0.0
51_25,a,1.0,0.258064516
51_25,a,1.0,0.064516129
51_26,great,5.0,0.0
51_27,many,4.0,0.2
51_28,tribes,6.0,0.029411765
51_29,and,3.0,0.0
51_30,nations,7.0,0.0
51_31,of,2.0,0.611111111
51_31,of,2.0,0.027777778
51_32,men;,4.0,0.0
51_33,and,3.0,0.388888889
51_33,and,3.0,0.027777778
51_34,yet,3.0,0.222222222
51_34,yet,3.0,0.027777778
51_35,the,3.0,0.194444444
51_36,plants,6.0,0.027777778
51_37,and,3.0,0.0
51_38,"animals,",8.0,0.055555556
51_39,if,2.0,0.472222222
51_40,not,3.0,0.444444444
51_41,the,3.0,0.0
51_42,"men,",4.0,0.027777778
51_43,were,4.0,0.777777778
51_44,all,3.0,0.0
51_45,essentially,11.0,0.0
51_46,different,9.0,0.142857143
51_47,from,4.0,0.055555556
51_48,those,5.0,0.055555556
51_49,known,5.0,0.0
51_50,in,2.0,0.583333333
51_51,the,3.0,0.0
51_52,old,3.0,0.333333333
51_53,world.,6.0,0.916666667
51_53,world.,6.0,0.027777778
52_1,American,8.0,0.0
52_2,industry,8.0,0.35
52_2,industry,8.0,0.025
52_3,may,3.0,0.25
52_4,not,3.0,0.0
52_5,know,4.0,0.125
52_6,"it,",3.0,0.35
52_7,but,3.0,0.0
52_8,debate,6.0,0.0
52_9,in,2.0,0.95
52_9,in,2.0,0.05
52_10,Congress,8.0,0.5
52_10,Congress,8.0,0.025
52_11,over,4.0,0.0
52_12,reforming,9.0,0.05
52_13,the,3.0,0.026315789
52_14,federal,7.0,0.075
52_15,government's,12.0,0.1
52_16,regulatory,10.0,0.0
52_17,apparatus,9.0,0.05
52_18,may,3.0,0.325
52_19,profoundly,10.0,0.0
52_20,improve,7.0,0.2
52_21,companies',10.0,0.8
52_21,companies',10.0,0.05
52_22,ability,7.0,0.175
52_23,to,2.0,0.45
52_23,to,2.0,0.025
52_24,survive.,8.0,0.95
52_24,survive.,8.0,0.05
52_25,This,4.0,0.075
52_26,week,4.0,0.05
52_27,the,3.0,0.025
52_28,Senate,6.0,0.692307692
52_28,Senate,6.0,0.051282051
52_29,seems,5.0,0.075
52_30,poised,6.0,0.3
52_31,to,2.0,0.025
52_32,join,4.0,0.325
52_33,the,3.0,0.025641026
52_34,House,5.0,0.625
52_35,in,2.0,0.05
52_36,a,1.0,0.025
52_37,massive,7.0,0.025
52_38,overhaul,8.0,0.025
52_39,of,2.0,0.025
52_40,the,3.0,0.425
52_40,the,3.0,0.025
52_41,way,3.0,0.925
52_41,way,3.0,0.05
52_42,in,2.0,0.675
52_42,in,2.0,0.025
52_43,which,5.0,0.05
52_44,bureaucrats,11.0,0.175
52_45,enact,5.0,0.625
52_45,enact,5.0,0.025
52_46,regulations,11.0,0.25
52_46,regulations,11.0,0.025
52_47,that,4.0,0.179487179
52_47,that,4.0,0.025641026
52_48,are,3.0,0.05
52_49,strangling,10.0,0.425
52_49,strangling,10.0,0.025
52_50,the,3.0,0.725
52_50,the,3.0,0.025
52_51,life,4.0,0.95
52_51,life,4.0,0.05
52_52,out,3.0,0.769230769
52_52,out,3.0,0.076923077
52_53,of,2.0,0.925
52_53,of,2.0,0.05
52_54,companies.,10.0,0.948717949
52_54,companies.,10.0,0.051282051
53_1,Stress,6.0,0.0
53_2,is,2.0,0.0
53_3,a,1.0,0.384615385
53_4,risk,4.0,0.564102564
53_5,factor,6.0,0.0
53_6,for,3.0,0.487179487
53_7,both,4.0,0.0
53_8,depression,10.0,0.0
53_9,and,3.0,0.157894737
53_10,"anxiety,",8.0,0.605263158
53_11,he,2.0,0.0
53_12,says.,5.0,0.0
53_13,"""We",3.0,0.157894737
53_14,don't,5.0,0.694444444
53_15,have,4.0,0.0
53_16,data,4.0,0.0
53_17,on,2.0,0.810810811
53_18,the,3.0,0.189189189
53_19,specific,8.0,0.0
53_20,causes,6.0,0.72972973
53_21,of,2.0,0.648648649
53_22,depression,10.0,0.0
53_23,and,3.0,0.0
53_24,anxiety,7.0,0.027777778
53_25,in,2.0,0.027027027
53_26,this,4.0,0.432432432
53_27,"sample,",7.0,0.027027027
53_28,but,3.0,1.0
53_29,it,2.0,0.081081081
53_30,does,4.0,0.216216216
53_31,make,4.0,0.027027027
53_32,sense,5.0,0.351351351
53_33,scientifically,14.0,0.756756757
53_34,that,4.0,0.297297297
53_35,the,3.0,0.027027027
53_36,Millennials,11.0,0.222222222
53_37,who,3.0,0.027027027
53_38,report,6.0,0.162162162
53_39,higher,6.0,0.0
53_40,levels,6.0,0.324324324
53_41,of,2.0,0.324324324
53_42,stress,6.0,0.0
53_43,in,2.0,0.324324324
53_44,their,5.0,0.513513514
53_45,lives,5.0,0.621621622
53_46,are,3.0,0.216216216
53_47,also,4.0,0.972972973
53_48,reporting,9.0,0.945945946
53_49,higher,6.0,0.0
53_50,levels,6.0,0.405405405
53_51,of,2.0,0.162162162
53_52,depression,10.0,0.0
53_53,and,3.0,0.405405405
53_54,anxiety.,8.0,0.081081081
54_1,When,4.0,0.0
54_2,it,2.0,0.425
54_3,comes,5.0,0.075
54_4,to,2.0,0.0
54_5,having,6.0,0.0
54_6,a,1.0,0.0
54_7,lasting,7.0,0.0
54_8,and,3.0,0.0
54_9,fulfilling,10.0,0.6
54_10,"relationship,",13.0,0.05
54_11,common,6.0,0.0
54_12,wisdom,6.0,0.075
54_13,says,4.0,0.0
54_14,that,4.0,0.0
54_15,feeling,7.0,0.1
54_16,close,5.0,0.0
54_17,to,2.0,0.0
54_18,your,4.0,0.0
54_19,romantic,8.0,0.051282051
54_20,partner,7.0,0.948717949
54_21,is,2.0,0.0
54_22,paramount.,10.0,0.230769231
54_23,But,3.0,0.58974359
54_23,But,3.0,0.025641026
54_24,a,1.0,0.0
54_25,new,3.0,0.025641026
54_26,study,5.0,0.230769231
54_27,finds,5.0,0.076923077
54_28,that,4.0,0.026315789
54_29,it's,4.0,0.102564103
54_30,not,3.0,0.256410256
54_30,not,3.0,0.051282051
54_31,how,3.0,0.0
54_32,close,5.0,0.051282051
54_33,you,3.0,0.512820513
54_34,feel,4.0,0.025641026
54_35,that,4.0,0.897435897
54_36,matters,7.0,0.076923077
54_37,"most,",5.0,0.333333333
54_38,it's,4.0,0.538461538
54_39,whether,7.0,0.025641026
54_40,you,3.0,0.025641026
54_41,are,3.0,0.0
54_42,as,2.0,0.794871795
54_43,close,5.0,0.0
54_44,as,2.0,0.0
54_45,you,3.0,0.189189189
54_46,want,4.0,0.230769231
54_46,want,4.0,0.076923077
54_47,to,2.0,0.051282051
54_48,"be,",3.0,0.051282051
54_49,even,4.0,0.0
54_50,if,2.0,0.102564103
54_51,that's,6.0,0.025641026
54_52,really,6.0,0.0
54_53,not,3.0,0.58974359
54_54,close,5.0,0.076923077
54_55,at,2.0,0.025641026
54_56,all.,4.0,0.282051282
55_1,At,2.0,0.0
55_2,the,3.0,0.0
55_3,time,4.0,0.0
55_4,the,3.0,0.0
55_5,French,6.0,0.0
55_6,crown,5.0,0.025641026
55_7,secured,7.0,0.076923077
55_8,much,4.0,0.55
55_8,much,4.0,0.025
55_9,of,2.0,0.0
55_10,its,3.0,0.0
55_11,revenue,7.0,0.125
55_12,by,2.0,0.0
55_13,issuing,7.0,0.075
55_14,government,10.0,0.333333333
55_15,bonds.,6.0,0.075
55_16,In,2.0,0.0
55_17,"1727,",5.0,0.0
55_18,in,2.0,0.25
55_19,order,5.0,0.0
55_20,to,2.0,0.05
55_20,to,2.0,0.025
55_21,save,4.0,0.0
55_22,"money,",6.0,0.95
55_22,"money,",6.0,0.025
55_23,the,3.0,0.0
55_24,state,5.0,0.256410256
55_25,cut,3.0,0.0
55_26,the,3.0,0.075
55_27,bondsÕ,6.0,0.2
55_28,interest,8.0,0.2
55_29,rate.,5.0,0.102564103
55_30,The,3.0,0.205128205
55_31,market,6.0,0.743589744
55_31,market,6.0,0.025641026
55_32,value,5.0,0.0
55_33,of,2.0,0.256410256
55_33,of,2.0,0.025641026
55_34,these,5.0,0.947368421
55_34,these,5.0,0.026315789
55_35,bonds,5.0,0.025641026
55_36,"plummeted,",10.0,0.358974359
55_37,and,3.0,0.0
55_38,the,3.0,0.41025641
55_39,market,6.0,0.256410256
55_40,became,6.0,0.0
55_41,wary,4.0,0.230769231
55_42,of,2.0,0.131578947
55_43,French,6.0,0.0
55_44,credit.,7.0,0.641025641
55_44,credit.,7.0,0.025641026
55_45,The,3.0,0.0
55_46,French,6.0,0.820512821
55_47,state,5.0,0.026315789
55_48,was,3.0,0.657894737
55_49,left,4.0,0.210526316
55_49,left,4.0,0.026315789
55_50,without,7.0,0.692307692
55_50,without,7.0,0.025641026
55_51,an,2.0,0.0
55_52,easy,4.0,0.41025641
55_52,easy,4.0,0.025641026
55_53,way,3.0,0.0
55_54,of,2.0,0.051282051
55_55,raising,7.0,0.394736842
55_55,raising,7.0,0.026315789
55_56,money.,6.0,0.0
56_1,Voltaire,8.0,0.0
56_2,himself,7.0,0.0
56_3,probably,8.0,0.0
56_4,won,3.0,0.0
56_5,around,6.0,0.0
56_6,half,4.0,0.0
56_7,a,1.0,0.0
56_8,million,7.0,0.0
56_9,"livres,",7.0,0.0
56_10,a,1.0,0.0
56_11,large,5.0,0.0
56_12,"fortune,",8.0,0.0
56_13,which,5.0,0.0
56_14,he,2.0,0.0
56_15,then,4.0,0.0
56_16,made,4.0,0.0
56_17,even,4.0,0.0
56_18,larger,6.0,0.0
56_19,in,2.0,0.0
56_20,a,1.0,0.0
56_21,series,6.0,0.0
56_22,of,2.0,0.0
56_23,canny,5.0,0.0
56_24,investments.,12.0,0.0
56_25,Soon,4.0,0.0
56_26,Voltaire,8.0,0.0
56_27,was,3.0,0.0
56_28,a,1.0,0.0
56_29,very,4.0,0.0
56_30,rich,4.0,0.0
56_31,"man,",4.0,0.0
56_32,rich,4.0,0.0
56_33,enough,6.0,0.0
56_34,to,2.0,0.0
56_35,become,6.0,0.0
56_36,a,1.0,0.0
56_37,moneylender,11.0,0.0
56_38,to,2.0,0.0
56_39,the,3.0,0.0
56_40,powerful,8.0,0.0
56_41,and,3.0,0.0
56_42,"famous,",7.0,0.0
56_43,rich,4.0,0.0
56_44,enough,6.0,0.0
56_45,that,4.0,0.0
56_46,he,2.0,0.0
56_47,no,2.0,0.0
56_48,longer,6.0,0.0
56_49,had,3.0,0.0
56_50,to,2.0,0.0
56_51,stake,5.0,0.0
56_52,his,3.0,0.0
56_53,financial,9.0,0.0
56_54,well-being,10.0,0.0
56_55,on,2.0,0.0
56_56,that,4.0,0.0
56_57,most,4.0,0.0
56_58,unreliable,10.0,0.0
56_59,and,3.0,0.0
56_60,detestable,10.0,0.0
56_61,"profession,",11.0,0.0
56_62,writing.,8.0,0.0
3_59,0,0.0,0.048780488
13_54,0,0.0,0.026315789
38_40,0,0.0,0.263157895
39_41,0,0.0,0.605263158
40_42,0,0.0,0.105263158
40_43,0,0.0,0.263157895
40_44,0,0.0,0.078947368
40_45,0,0.0,0.473684211
40_46,0,0.0,0.421052632
42_47,0,0.0,0.025
43_48,0,0.0,0.268292683
45_48,0,0.0,0.692307692
45_49,0,0.0,0.846153846
47_49,0,0.0,0.025
48_50,0,0.0,0.864864865
48_50,0,0.0,0.135135135
49_51,0,0.0,0.641025641
50_52,0,0.0,0.642857143
50_52,0,0.0,0.071428571
50_53,0,0.0,0.857142857
50_53,0,0.0,0.023809524
51_54,0,0.0,0.028571429
53_55,0,0.0,0.567567568
53_56,0,0.0,0.891891892
55_58,0,0.0,0.051282051
55_62,0,0.0,0.105263158
